method,legacy_host,legacy_path,target_host,target_path,compatibility_mode,preserve_query,preserve_body,preserve_status_and_error,status
GET,teleautomation.online,/,business.teleautomation.online,/api/,TEMPORARY_REDIRECT,YES,N/A,YES,PLANNED_UNVERIFIED
GET,teleautomation.online,/ai/daily-briefing,business.teleautomation.online,/api/ai/daily-briefing,TEMPORARY_REDIRECT,YES,N/A,YES,PLANNED_UNVERIFIED
POST,teleautomation.online,/ai/daily-briefing/refresh,business.teleautomation.online,/api/ai/daily-briefing/refresh,REVERSE_PROXY,YES,YES,YES,PLANNED_UNVERIFIED
GET,teleautomation.online,/api/ai-recruitment/config,business.teleautomation.online,/api/ai-recruitment/config,TEMPORARY_REDIRECT,YES,N/A,YES,PLANNED_UNVERIFIED
GET,teleautomation.online,/api/ai-recruitment/dashboard,business.teleautomation.online,/api/ai-recruitment/dashboard,TEMPORARY_REDIRECT,YES,N/A,YES,PLANNED_UNVERIFIED
GET,teleautomation.online,/api/ai-recruitment/events/{event_id},business.teleautomation.online,/api/ai-recruitment/events/{event_id},TEMPORARY_REDIRECT,YES,N/A,YES,PLANNED_UNVERIFIED
PATCH,teleautomation.online,/api/ai-recruitment/events/{event_id},business.teleautomation.online,/api/ai-recruitment/events/{event_id},REVERSE_PROXY,YES,YES,YES,PLANNED_UNVERIFIED
POST,teleautomation.online,/api/ai-recruitment/events/{event_id}/{action},business.teleautomation.online,/api/ai-recruitment/events/{event_id}/{action},REVERSE_PROXY,YES,YES,YES,PLANNED_UNVERIFIED
GET,teleautomation.online,/api/ai-recruitment/metrics,business.teleautomation.online,/api/ai-recruitment/metrics,TEMPORARY_REDIRECT,YES,N/A,YES,PLANNED_UNVERIFIED
GET,teleautomation.online,/api/ai-recruitment/ollama/status,business.teleautomation.online,/api/ai-recruitment/ollama/status,TEMPORARY_REDIRECT,YES,N/A,YES,PLANNED_UNVERIFIED
POST,teleautomation.online,/api/ai-recruitment/ollama/test-connection,business.teleautomation.online,/api/ai-recruitment/ollama/test-connection,REVERSE_PROXY,YES,YES,YES,PLANNED_UNVERIFIED
POST,teleautomation.online,/api/ai-recruitment/ollama/test-model,business.teleautomation.online,/api/ai-recruitment/ollama/test-model,REVERSE_PROXY,YES,YES,YES,PLANNED_UNVERIFIED
GET,teleautomation.online,/api/ai-recruitment/review,business.teleautomation.online,/api/ai-recruitment/review,TEMPORARY_REDIRECT,YES,N/A,YES,PLANNED_UNVERIFIED
POST,teleautomation.online,/api/candidate-mailboxes/bulk-import,business.teleautomation.online,/api/candidate-mailboxes/bulk-import,REVERSE_PROXY,YES,YES,YES,PLANNED_UNVERIFIED
GET,teleautomation.online,/api/candidate-mailboxes/oauth/google/callback,business.teleautomation.online,/api/candidate-mailboxes/oauth/google/callback,TEMPORARY_REDIRECT,YES,N/A,YES,PLANNED_UNVERIFIED
DELETE,teleautomation.online,/api/candidates/{candidate_id}/mailbox,business.teleautomation.online,/api/candidates/{candidate_id}/mailbox,REVERSE_PROXY,YES,YES,YES,PLANNED_UNVERIFIED
GET,teleautomation.online,/api/candidates/{candidate_id}/mailbox,business.teleautomation.online,/api/candidates/{candidate_id}/mailbox,TEMPORARY_REDIRECT,YES,N/A,YES,PLANNED_UNVERIFIED
POST,teleautomation.online,/api/candidates/{candidate_id}/mailbox/connect,business.teleautomation.online,/api/candidates/{candidate_id}/mailbox/connect,REVERSE_PROXY,YES,YES,YES,PLANNED_UNVERIFIED
POST,teleautomation.online,/api/candidates/{candidate_id}/mailbox/renew-watch,business.teleautomation.online,/api/candidates/{candidate_id}/mailbox/renew-watch,REVERSE_PROXY,YES,YES,YES,PLANNED_UNVERIFIED
POST,teleautomation.online,/api/candidates/{candidate_id}/mailbox/rescan,business.teleautomation.online,/api/candidates/{candidate_id}/mailbox/rescan,REVERSE_PROXY,YES,YES,YES,PLANNED_UNVERIFIED
PATCH,teleautomation.online,/api/candidates/{candidate_id}/mailbox/settings,business.teleautomation.online,/api/candidates/{candidate_id}/mailbox/settings,REVERSE_PROXY,YES,YES,YES,PLANNED_UNVERIFIED
POST,teleautomation.online,/api/candidates/{candidate_id}/mailbox/sync,business.teleautomation.online,/api/candidates/{candidate_id}/mailbox/sync,REVERSE_PROXY,YES,YES,YES,PLANNED_UNVERIFIED
POST,teleautomation.online,/api/candidates/{candidate_id}/mailbox/verify,business.teleautomation.online,/api/candidates/{candidate_id}/mailbox/verify,REVERSE_PROXY,YES,YES,YES,PLANNED_UNVERIFIED
GET,teleautomation.online,/api/candidates/{candidate_id}/recruitment-events,business.teleautomation.online,/api/candidates/{candidate_id}/recruitment-events,TEMPORARY_REDIRECT,YES,N/A,YES,PLANNED_UNVERIFIED
GET,teleautomation.online,/api/candidates/{candidate_id}/recruitment-timeline,business.teleautomation.online,/api/candidates/{candidate_id}/recruitment-timeline,TEMPORARY_REDIRECT,YES,N/A,YES,PLANNED_UNVERIFIED
POST,teleautomation.online,/api/gmail/pubsub/push,business.teleautomation.online,/api/gmail/pubsub/push,REVERSE_PROXY,YES,YES,YES,PLANNED_UNVERIFIED
GET,teleautomation.online,/api/mail-monitoring/booking-audit,business.teleautomation.online,/api/mail-monitoring/booking-audit,TEMPORARY_REDIRECT,YES,N/A,YES,PLANNED_UNVERIFIED
GET,teleautomation.online,/api/mail-monitoring/events,business.teleautomation.online,/api/mail-monitoring/events,TEMPORARY_REDIRECT,YES,N/A,YES,PLANNED_UNVERIFIED
GET,teleautomation.online,/api/mail-monitoring/notifications,business.teleautomation.online,/api/mail-monitoring/notifications,TEMPORARY_REDIRECT,YES,N/A,YES,PLANNED_UNVERIFIED
POST,teleautomation.online,/api/mail-monitoring/notifications/{notification_id}/{action},business.teleautomation.online,/api/mail-monitoring/notifications/{notification_id}/{action},REVERSE_PROXY,YES,YES,YES,PLANNED_UNVERIFIED
GET,teleautomation.online,/api/mail-monitoring/summary,business.teleautomation.online,/api/mail-monitoring/summary,TEMPORARY_REDIRECT,YES,N/A,YES,PLANNED_UNVERIFIED
GET,teleautomation.online,/api/offer-verification,business.teleautomation.online,/api/offer-verification,TEMPORARY_REDIRECT,YES,N/A,YES,PLANNED_UNVERIFIED
GET,teleautomation.online,/api/offer-verification/{case_id},business.teleautomation.online,/api/offer-verification/{case_id},TEMPORARY_REDIRECT,YES,N/A,YES,PLANNED_UNVERIFIED
POST,teleautomation.online,/api/offer-verification/{case_id}/{action},business.teleautomation.online,/api/offer-verification/{case_id}/{action},REVERSE_PROXY,YES,YES,YES,PLANNED_UNVERIFIED
GET,teleautomation.online,/api/selection-tracking/stats,business.teleautomation.online,/api/selection-tracking/stats,TEMPORARY_REDIRECT,YES,N/A,YES,PLANNED_UNVERIFIED
POST,teleautomation.online,/auth/change-password,business.teleautomation.online,/api/auth/change-password,REVERSE_PROXY,YES,YES,YES,PLANNED_UNVERIFIED
GET,teleautomation.online,/auth/handler-kit,business.teleautomation.online,/api/auth/handler-kit,TEMPORARY_REDIRECT,YES,N/A,YES,PLANNED_UNVERIFIED
POST,teleautomation.online,/auth/login,business.teleautomation.online,/api/auth/login,REVERSE_PROXY,YES,YES,YES,PLANNED_UNVERIFIED
POST,teleautomation.online,/auth/logout,business.teleautomation.online,/api/auth/logout,REVERSE_PROXY,YES,YES,YES,PLANNED_UNVERIFIED
POST,teleautomation.online,/auth/reset-password,business.teleautomation.online,/api/auth/reset-password,REVERSE_PROXY,YES,YES,YES,PLANNED_UNVERIFIED
GET,teleautomation.online,/auth/status,business.teleautomation.online,/api/auth/status,TEMPORARY_REDIRECT,YES,N/A,YES,PLANNED_UNVERIFIED
POST,teleautomation.online,/auth/verify-admin,business.teleautomation.online,/api/auth/verify-admin,REVERSE_PROXY,YES,YES,YES,PLANNED_UNVERIFIED
GET,teleautomation.online,/candidates,business.teleautomation.online,/api/candidates,TEMPORARY_REDIRECT,YES,N/A,YES,PLANNED_UNVERIFIED
POST,teleautomation.online,/candidates,business.teleautomation.online,/api/candidates,REVERSE_PROXY,YES,YES,YES,PLANNED_UNVERIFIED
GET,teleautomation.online,/candidates/bootstrap,business.teleautomation.online,/api/candidates/bootstrap,TEMPORARY_REDIRECT,YES,N/A,YES,PLANNED_UNVERIFIED
GET,teleautomation.online,/candidates/interviews/daily,business.teleautomation.online,/api/candidates/interviews/daily,TEMPORARY_REDIRECT,YES,N/A,YES,PLANNED_UNVERIFIED
GET,teleautomation.online,/candidates/interviews/filter-options,business.teleautomation.online,/api/candidates/interviews/filter-options,TEMPORARY_REDIRECT,YES,N/A,YES,PLANNED_UNVERIFIED
GET,teleautomation.online,/candidates/interviews/global,business.teleautomation.online,/api/candidates/interviews/global,TEMPORARY_REDIRECT,YES,N/A,YES,PLANNED_UNVERIFIED
GET,teleautomation.online,/candidates/interviews/monitor,business.teleautomation.online,/api/candidates/interviews/monitor,TEMPORARY_REDIRECT,YES,N/A,YES,PLANNED_UNVERIFIED
POST,teleautomation.online,/candidates/interviews/slots,business.teleautomation.online,/api/candidates/interviews/slots,REVERSE_PROXY,YES,YES,YES,PLANNED_UNVERIFIED
DELETE,teleautomation.online,/candidates/interviews/slots/{cid},business.teleautomation.online,/api/candidates/interviews/slots/{cid},REVERSE_PROXY,YES,YES,YES,PLANNED_UNVERIFIED
PATCH,teleautomation.online,/candidates/interviews/slots/{cid},business.teleautomation.online,/api/candidates/interviews/slots/{cid},REVERSE_PROXY,YES,YES,YES,PLANNED_UNVERIFIED
GET,teleautomation.online,/candidates/interviews/upcoming,business.teleautomation.online,/api/candidates/interviews/upcoming,TEMPORARY_REDIRECT,YES,N/A,YES,PLANNED_UNVERIFIED
GET,teleautomation.online,/candidates/pending-works,business.teleautomation.online,/api/candidates/pending-works,TEMPORARY_REDIRECT,YES,N/A,YES,PLANNED_UNVERIFIED
GET,teleautomation.online,/candidates/roster,business.teleautomation.online,/api/candidates/roster,TEMPORARY_REDIRECT,YES,N/A,YES,PLANNED_UNVERIFIED
GET,teleautomation.online,/candidates/roster.csv,business.teleautomation.online,/api/candidates/roster.csv,TEMPORARY_REDIRECT,YES,N/A,YES,PLANNED_UNVERIFIED
GET,teleautomation.online,/candidates/stats,business.teleautomation.online,/api/candidates/stats,TEMPORARY_REDIRECT,YES,N/A,YES,PLANNED_UNVERIFIED
DELETE,teleautomation.online,/candidates/{cid},business.teleautomation.online,/api/candidates/{cid},REVERSE_PROXY,YES,YES,YES,PLANNED_UNVERIFIED
GET,teleautomation.online,/candidates/{cid},business.teleautomation.online,/api/candidates/{cid},TEMPORARY_REDIRECT,YES,N/A,YES,PLANNED_UNVERIFIED
PATCH,teleautomation.online,/candidates/{cid},business.teleautomation.online,/api/candidates/{cid},REVERSE_PROXY,YES,YES,YES,PLANNED_UNVERIFIED
POST,teleautomation.online,/candidates/{cid}/interview-attendance,business.teleautomation.online,/api/candidates/{cid}/interview-attendance,REVERSE_PROXY,YES,YES,YES,PLANNED_UNVERIFIED
PATCH,teleautomation.online,/candidates/{cid}/interview-attendee,business.teleautomation.online,/api/candidates/{cid}/interview-attendee,REVERSE_PROXY,YES,YES,YES,PLANNED_UNVERIFIED
POST,teleautomation.online,/candidates/{cid}/proofs,business.teleautomation.online,/api/candidates/{cid}/proofs,REVERSE_PROXY,YES,YES,YES,PLANNED_UNVERIFIED
DELETE,teleautomation.online,/candidates/{cid}/proofs/{pid},business.teleautomation.online,/api/candidates/{cid}/proofs/{pid},REVERSE_PROXY,YES,YES,YES,PLANNED_UNVERIFIED
GET,teleautomation.online,/candidates/{cid}/proofs/{pid},business.teleautomation.online,/api/candidates/{cid}/proofs/{pid},TEMPORARY_REDIRECT,YES,N/A,YES,PLANNED_UNVERIFIED
PATCH,teleautomation.online,/candidates/{cid}/proofs/{pid},business.teleautomation.online,/api/candidates/{cid}/proofs/{pid},REVERSE_PROXY,YES,YES,YES,PLANNED_UNVERIFIED
POST,teleautomation.online,/candidates/{cid}/resumes,business.teleautomation.online,/api/candidates/{cid}/resumes,REVERSE_PROXY,YES,YES,YES,PLANNED_UNVERIFIED
DELETE,teleautomation.online,/candidates/{cid}/resumes/{rid},business.teleautomation.online,/api/candidates/{cid}/resumes/{rid},REVERSE_PROXY,YES,YES,YES,PLANNED_UNVERIFIED
GET,teleautomation.online,/candidates/{cid}/resumes/{rid},business.teleautomation.online,/api/candidates/{cid}/resumes/{rid},TEMPORARY_REDIRECT,YES,N/A,YES,PLANNED_UNVERIFIED
PATCH,teleautomation.online,/candidates/{cid}/resumes/{rid},business.teleautomation.online,/api/candidates/{cid}/resumes/{rid},REVERSE_PROXY,YES,YES,YES,PLANNED_UNVERIFIED
GET,teleautomation.online,/candidates/{cid}/resumes/{rid}/preview,business.teleautomation.online,/api/candidates/{cid}/resumes/{rid}/preview,TEMPORARY_REDIRECT,YES,N/A,YES,PLANNED_UNVERIFIED
POST,teleautomation.online,/candidates/{cid}/slot-screenshot,business.teleautomation.online,/api/candidates/{cid}/slot-screenshot,REVERSE_PROXY,YES,YES,YES,PLANNED_UNVERIFIED
GET,teleautomation.online,/company-expenses,business.teleautomation.online,/api/company-expenses,TEMPORARY_REDIRECT,YES,N/A,YES,PLANNED_UNVERIFIED
POST,teleautomation.online,/company-expenses,business.teleautomation.online,/api/company-expenses,REVERSE_PROXY,YES,YES,YES,PLANNED_UNVERIFIED
GET,teleautomation.online,/company-expenses/total,business.teleautomation.online,/api/company-expenses/total,TEMPORARY_REDIRECT,YES,N/A,YES,PLANNED_UNVERIFIED
DELETE,teleautomation.online,/company-expenses/{eid},business.teleautomation.online,/api/company-expenses/{eid},REVERSE_PROXY,YES,YES,YES,PLANNED_UNVERIFIED
PATCH,teleautomation.online,/company-expenses/{eid},business.teleautomation.online,/api/company-expenses/{eid},REVERSE_PROXY,YES,YES,YES,PLANNED_UNVERIFIED
GET,teleautomation.online,/data-room,business.teleautomation.online,/api/data-room,TEMPORARY_REDIRECT,YES,N/A,YES,PLANNED_UNVERIFIED
POST,teleautomation.online,/data-room,business.teleautomation.online,/api/data-room,REVERSE_PROXY,YES,YES,YES,PLANNED_UNVERIFIED
GET,teleautomation.online,/data-room/credentials,business.teleautomation.online,/api/data-room/credentials,TEMPORARY_REDIRECT,YES,N/A,YES,PLANNED_UNVERIFIED
PATCH,teleautomation.online,/data-room/credentials/admin,business.teleautomation.online,/api/data-room/credentials/admin,REVERSE_PROXY,YES,YES,YES,PLANNED_UNVERIFIED
POST,teleautomation.online,/data-room/credentials/handlers,business.teleautomation.online,/api/data-room/credentials/handlers,REVERSE_PROXY,YES,YES,YES,PLANNED_UNVERIFIED
DELETE,teleautomation.online,/data-room/credentials/handlers/{username},business.teleautomation.online,/api/data-room/credentials/handlers/{username},REVERSE_PROXY,YES,YES,YES,PLANNED_UNVERIFIED
PATCH,teleautomation.online,/data-room/credentials/handlers/{username},business.teleautomation.online,/api/data-room/credentials/handlers/{username},REVERSE_PROXY,YES,YES,YES,PLANNED_UNVERIFIED
POST,teleautomation.online,/data-room/credentials/vault/{section},business.teleautomation.online,/api/data-room/credentials/vault/{section},REVERSE_PROXY,YES,YES,YES,PLANNED_UNVERIFIED
DELETE,teleautomation.online,/data-room/credentials/vault/{section}/{item_id},business.teleautomation.online,/api/data-room/credentials/vault/{section}/{item_id},REVERSE_PROXY,YES,YES,YES,PLANNED_UNVERIFIED
PATCH,teleautomation.online,/data-room/credentials/vault/{section}/{item_id},business.teleautomation.online,/api/data-room/credentials/vault/{section}/{item_id},REVERSE_PROXY,YES,YES,YES,PLANNED_UNVERIFIED
GET,teleautomation.online,/data-room/offer-letters/{item_id}/download,business.teleautomation.online,/api/data-room/offer-letters/{item_id}/download,TEMPORARY_REDIRECT,YES,N/A,YES,PLANNED_UNVERIFIED
GET,teleautomation.online,/data-room/offer-letters/{item_id}/preview,business.teleautomation.online,/api/data-room/offer-letters/{item_id}/preview,TEMPORARY_REDIRECT,YES,N/A,YES,PLANNED_UNVERIFIED
POST,teleautomation.online,/data-room/offer-letters/{item_id}/upload,business.teleautomation.online,/api/data-room/offer-letters/{item_id}/upload,REVERSE_PROXY,YES,YES,YES,PLANNED_UNVERIFIED
GET,teleautomation.online,/data-room/stats,business.teleautomation.online,/api/data-room/stats,TEMPORARY_REDIRECT,YES,N/A,YES,PLANNED_UNVERIFIED
DELETE,teleautomation.online,/data-room/{oid},business.teleautomation.online,/api/data-room/{oid},REVERSE_PROXY,YES,YES,YES,PLANNED_UNVERIFIED
GET,teleautomation.online,/data-room/{oid},business.teleautomation.online,/api/data-room/{oid},TEMPORARY_REDIRECT,YES,N/A,YES,PLANNED_UNVERIFIED
PATCH,teleautomation.online,/data-room/{oid},business.teleautomation.online,/api/data-room/{oid},REVERSE_PROXY,YES,YES,YES,PLANNED_UNVERIFIED
GET,teleautomation.online,/handler-expenses,business.teleautomation.online,/api/handler-expenses,TEMPORARY_REDIRECT,YES,N/A,YES,PLANNED_UNVERIFIED
POST,teleautomation.online,/handler-expenses,business.teleautomation.online,/api/handler-expenses,REVERSE_PROXY,YES,YES,YES,PLANNED_UNVERIFIED
GET,teleautomation.online,/handler-expenses/summary,business.teleautomation.online,/api/handler-expenses/summary,TEMPORARY_REDIRECT,YES,N/A,YES,PLANNED_UNVERIFIED
DELETE,teleautomation.online,/handler-expenses/{eid},business.teleautomation.online,/api/handler-expenses/{eid},REVERSE_PROXY,YES,YES,YES,PLANNED_UNVERIFIED
PATCH,teleautomation.online,/handler-expenses/{eid},business.teleautomation.online,/api/handler-expenses/{eid},REVERSE_PROXY,YES,YES,YES,PLANNED_UNVERIFIED
POST,teleautomation.online,/handler-expenses/{eid}/proofs,business.teleautomation.online,/api/handler-expenses/{eid}/proofs,REVERSE_PROXY,YES,YES,YES,PLANNED_UNVERIFIED
DELETE,teleautomation.online,/handler-expenses/{eid}/proofs/{pid},business.teleautomation.online,/api/handler-expenses/{eid}/proofs/{pid},REVERSE_PROXY,YES,YES,YES,PLANNED_UNVERIFIED
GET,teleautomation.online,/handler-expenses/{eid}/proofs/{pid},business.teleautomation.online,/api/handler-expenses/{eid}/proofs/{pid},TEMPORARY_REDIRECT,YES,N/A,YES,PLANNED_UNVERIFIED
GET,teleautomation.online,/handler-salaries,business.teleautomation.online,/api/handler-salaries,TEMPORARY_REDIRECT,YES,N/A,YES,PLANNED_UNVERIFIED
POST,teleautomation.online,/handler-salaries,business.teleautomation.online,/api/handler-salaries,REVERSE_PROXY,YES,YES,YES,PLANNED_UNVERIFIED
DELETE,teleautomation.online,/handler-salaries/{reference},business.teleautomation.online,/api/handler-salaries/{reference},REVERSE_PROXY,YES,YES,YES,PLANNED_UNVERIFIED
GET,teleautomation.online,/health,business.teleautomation.online,/api/health,TEMPORARY_REDIRECT,YES,N/A,YES,PLANNED_UNVERIFIED
POST,teleautomation.online,/public/slots/book,business.teleautomation.online,/api/public/slots/book,REVERSE_PROXY,YES,YES,YES,PLANNED_UNVERIFIED
GET,teleautomation.online,/public/slots/booked,business.teleautomation.online,/api/public/slots/booked,TEMPORARY_REDIRECT,YES,N/A,YES,PLANNED_UNVERIFIED
GET,teleautomation.online,/public/slots/candidates,business.teleautomation.online,/api/public/slots/candidates,TEMPORARY_REDIRECT,YES,N/A,YES,PLANNED_UNVERIFIED
POST,teleautomation.online,/public/slots/extract-invite-ai,business.teleautomation.online,/api/public/slots/extract-invite-ai,REVERSE_PROXY,YES,YES,YES,PLANNED_UNVERIFIED
POST,teleautomation.online,/public/slots/extract-payment-ai,business.teleautomation.online,/api/public/slots/extract-payment-ai,REVERSE_PROXY,YES,YES,YES,PLANNED_UNVERIFIED
POST,teleautomation.online,/public/slots/extract-resume-ai,business.teleautomation.online,/api/public/slots/extract-resume-ai,REVERSE_PROXY,YES,YES,YES,PLANNED_UNVERIFIED
POST,teleautomation.online,/public/slots/parse-screenshot,business.teleautomation.online,/api/public/slots/parse-screenshot,REVERSE_PROXY,YES,YES,YES,PLANNED_UNVERIFIED
POST,teleautomation.online,/public/slots/payment-proof,business.teleautomation.online,/api/public/slots/payment-proof,REVERSE_PROXY,YES,YES,YES,PLANNED_UNVERIFIED
POST,teleautomation.online,/public/slots/session-complete,business.teleautomation.online,/api/public/slots/session-complete,REVERSE_PROXY,YES,YES,YES,PLANNED_UNVERIFIED
DELETE,teleautomation.online,/push/subscribe,business.teleautomation.online,/api/push/subscribe,REVERSE_PROXY,YES,YES,YES,PLANNED_UNVERIFIED
POST,teleautomation.online,/push/subscribe,business.teleautomation.online,/api/push/subscribe,REVERSE_PROXY,YES,YES,YES,PLANNED_UNVERIFIED
GET,teleautomation.online,/push/vapid-public-key,business.teleautomation.online,/api/push/vapid-public-key,TEMPORARY_REDIRECT,YES,N/A,YES,PLANNED_UNVERIFIED
GET,teleautomation.online,/{full_path:path},business.teleautomation.online,/api/{full_path:path},TEMPORARY_REDIRECT,YES,N/A,YES,PLANNED_UNVERIFIED
