project,path,bytes,sha256,status
BUSINESS,.dockerignore,71,cdd913a88cc6224e8ab0a37ece0fe7ccca6d060df5faa2e94b7f56f9e8901eb7,EXTRACTED
BUSINESS,.env.example,312,184563ad69a5480a1d16e2b84752c41ffb8533a4809b80bb5d813bf03dce0bee,EXTRACTED
BUSINESS,.github/workflows/ci.yml,1273,6ab5b15855d71fe63073dcf8e44e372dd3a104842a6e9c583045ad2c48806aef,EXTRACTED
BUSINESS,.gitignore,124,909f4dac1063c654fd416b754c6b93ac5be04a7bd1037f0906ea5db54502ce20,EXTRACTED
BUSINESS,Dockerfile,384,6ba623870e61ea1f853d62927f1ab01d2989af0e9afb42f2bd581d5edfbcfa20,EXTRACTED
BUSINESS,README.md,404,4f484060b29484c0759af0be08deb6cd186a41e70b05fc642dcbac4ffd160559,EXTRACTED
BUSINESS,core/__init__.py,0,e3b0c44298fc1c149afbf4c8996fb92427ae41e4649b934ca495991b7852b855,EXTRACTED
BUSINESS,core/ai_gateway.py,13769,31875edff6bff00f3291079359ff2ab017e96438012058460ae53489d684521b,EXTRACTED
BUSINESS,core/ai_model_routing.py,1106,2659de039ccc23eda4b9b374e75122a9c27a6a5233f1c2a11eedc984fecf142d,EXTRACTED
BUSINESS,core/config.py,299,fce84ece19299e284667acba400bf11f1cbe65a6609bd3966512d8bcfa56afde,EXTRACTED
BUSINESS,core/daily_briefing.py,10541,6a19100ba489488f4e4895f06c594e5b07df04c21882ef9c1b3d70a3347da4b3,EXTRACTED
BUSINESS,core/dashboard_access.py,3512,60215f4ecd3424a56c5fc7ca855907ed944f0a8e74b8f425314be4067274aa07,EXTRACTED
BUSINESS,core/dashboard_auth.py,131,7fe94ec13fe39cb1aabe8a60df596f720fb9ac5f4b16f95ca137f5e33d32fb82,EXTRACTED
BUSINESS,core/dashboard_auth_api.py,7280,1b066efe59ab7147957c7d07a4f359b123200947ccdf0b0da6397cd1fe44e7b5,EXTRACTED
BUSINESS,core/dashboard_auth_vps.py,14933,6405295f97f325b0dbd1fa9c0891f877836d5ecdbe31dfe6dd27964c170aad99,EXTRACTED
BUSINESS,core/db/__init__.py,0,e3b0c44298fc1c149afbf4c8996fb92427ae41e4649b934ca495991b7852b855,EXTRACTED
BUSINESS,core/db/candidates_pg.py,2008,ac18e83e7bf3d70f16903dce9b3c2210c03d2a3eb103bd6184237da1911231e3,EXTRACTED
BUSINESS,core/db/connection.py,1168,32d6da0c8736cd4df9c3204b5633e2768e7811f29ee895aaa60f2f33c66a26ba,EXTRACTED
BUSINESS,core/ist_time.py,3298,6a731bb1baf2da0c91526b02176d3bd1b3993a9adc13df59f75b9204595d9204,EXTRACTED
BUSINESS,core/migrations/001_recruitment_mail_tracking.sql,5361,2f8a14d3839989ef2b587513b67e99a94a9fdad663bde4ee60875c8f922733b7,EXTRACTED
BUSINESS,core/migrations/002_recruitment_mail_job_outcomes.sql,1672,bc4d78f90b434c01e2847f94de0be1b37bbab3ea4373a4d3193d88fa729cc957,EXTRACTED
BUSINESS,core/migrations/003_recruitment_mail_selection_offer_precision.sql,3757,48201230a8ebb02a0414f102fd03887894dc292a139e2b30c7ecb2a9c044cc0f,EXTRACTED
BUSINESS,core/migrations/004_recruitment_mail_offer_review_cleanup.sql,4544,6f15cd25cf999d8135ba6d4fec07be2bc660bf4b49886a5271389958dce9f0f7,EXTRACTED
BUSINESS,core/migrations/005_recruitment_mail_historical_rescan.sql,921,14a59ef311dea1185185b46bbf18fb339ec9391233f15504e6823791d64ca87a,EXTRACTED
BUSINESS,core/migrations/006_recruitment_mail_semantic_v3.sql,706,dd061a788d52423472890b7e472edafd7f2da4184bf92a6dc305fafea1b239fa,EXTRACTED
BUSINESS,core/migrations/007_recruitment_mail_notifications.sql,4859,ecf429bc232e907e52b406f0bd16ecda3966005c85209833978bc28959c0b930,EXTRACTED
BUSINESS,core/migrations/008_recruitment_mail_auto_booking.sql,3807,cd8839478eb0f1e9449f1b19487626fe3b1d16cd871aeae0a2e24b28483a5033,EXTRACTED
BUSINESS,core/migrations/009_recruitment_mail_multi_mailbox.sql,711,428191d8c3f234696c0bf267a27798a9a9772404c6e7604c3fecaa3545d9e069,EXTRACTED
BUSINESS,core/migrations/010_recruitment_mail_lifecycle_truth.sql,15374,8f22fdb5bc422803361c82a8c405010db6ad4138922c724b42bf1cf610329744,EXTRACTED
BUSINESS,core/migrations/011_cross_project_outbox.sql,499,fb47adb53d2c064a7ba7895d8cc3aca4ed95fe9525f641e0a94ef58f16a1a290,EXTRACTED
BUSINESS,core/migrations/__init__.py,0,e3b0c44298fc1c149afbf4c8996fb92427ae41e4649b934ca495991b7852b855,EXTRACTED
BUSINESS,core/ollama_status.py,3277,223d59fa6e0228605513fcc88e2f71560baef515129ef316d783ab7a619b857a,EXTRACTED
BUSINESS,core/public_slot_api.py,16528,e9c8eadf1dbb82aaf225765a55d70420ba2b8800a89b50ad46faf0e28c70e10d,EXTRACTED
BUSINESS,core/recruitment_mail_api.py,37385,58aa0373ac68d1b5ede7225669eb6283a47c772b33c1b1d0e739bf81b0bc3bdf,EXTRACTED
BUSINESS,core/recruitment_mail_store.py,86440,8703213cc1e129f88074dcdd1a55db07d3fe4db6b8cb17e0f3fc2060387f3180,EXTRACTED
BUSINESS,core/recruitment_offer_visibility.py,7950,166f42e34924a42891fe813a1e1dab9adbe7b84bfab454edc8cba165f9081b9d,EXTRACTED
BUSINESS,core/recruitment_realtime.py,2255,7ba18f3ad22a57bbff23f620358cc8278a6501e4c344b026c0763d14817eb128,EXTRACTED
BUSINESS,core/structured_logging.py,8500,24d7128bcd9df15f79a17af9ece51030e751b73cd9d9f29a528ae88c19098acd,EXTRACTED
BUSINESS,dashboard/index.html,757,362e864f7310db6e01ec26597fca87952536581d26bcc3d8e8ba6c2a3d5ee526,EXTRACTED
BUSINESS,dashboard/package-lock.json,216266,1853dd126de1b48288fda82742ce0d198e3a7c1486903ab8af26215114f84dcd,EXTRACTED
BUSINESS,dashboard/package.json,1372,77dc024eb06c22caf059f6804058dbd5acaa0c4c422d9174183026175232e397,EXTRACTED
BUSINESS,dashboard/src/App.jsx,1844,75fd76176361d228a7b1d2c9210c7694c2c62523f8740dca0aeaa38b6a5e820c,EXTRACTED
BUSINESS,dashboard/src/Loader.jsx,1218,969e77e5f280a49af146549f938c723e01f488390155254ddf8718a4f1f7fbb0,EXTRACTED
BUSINESS,dashboard/src/candidates/CandidatesActiveRoster.jsx,8818,c8d459e081d9275561e078fac97c13f682daa4ad9f1289a8bdd5ffcd1a44889c,EXTRACTED
BUSINESS,dashboard/src/candidates/CompanyExpenditure.css,11596,db902a7bc441167db2396a6cc0b563aa49fa16f3f0f3a1138d5376c9aecb9e6c,EXTRACTED
BUSINESS,dashboard/src/candidates/CompanyExpenditure.jsx,26836,8737578d2aa752768923eac2d5e03286e2a52063b1defd24c34fd8db126bbb28,EXTRACTED
BUSINESS,dashboard/src/candidates/EarningsBreakdown.css,7980,e06b07d04a9bce3ee9cd6a347dbc8dc34b8aa46c4c60af343dca719471b7024a,EXTRACTED
BUSINESS,dashboard/src/candidates/EarningsBreakdown.jsx,15477,3e2c20f744970ac04167831a9a26e0a35e83f76b0d341a1e6550d4ca97088f5d,EXTRACTED
BUSINESS,dashboard/src/candidates/PayoutModal.css,7740,575ff6a57c440100b67cb0bad6269df38666d8d5d914d362735d8fbf2c67ae8c,EXTRACTED
BUSINESS,dashboard/src/candidates/PayoutModal.jsx,23454,18a7d0dd98191c49174c9814ea0e307f1927d40c017fca34a59053a6b6988441,EXTRACTED
BUSINESS,dashboard/src/candidates/candidatesModule.jsx,181403,37587e53c28ac26e2588095d1018da66a7963abe69af15961e88f205cf07252a,EXTRACTED
BUSINESS,dashboard/src/candidates/candidatesRosterUtils.js,3277,07155150173fb6dd052ffcdd8a9632557a23db16e4aec96e1decf9c2c81d9f18,EXTRACTED
BUSINESS,dashboard/src/components/AuthGate.jsx,637,0a13399b4de59b4fdaaf7fabb054955a20d9eec394b069a52109cb63ab8f3372,EXTRACTED
BUSINESS,dashboard/src/components/CandidatesPanel.jsx,70,5c3bfe07e07a8d015822747885671ad2414a5ed8ac7e5b5d116f797772215b56,EXTRACTED
BUSINESS,dashboard/src/components/ChangePasswordModal.jsx,5251,7537048d3ec2723300891060fabaa6d2191e65eb212896b08773aec1e6f86702,EXTRACTED
BUSINESS,dashboard/src/components/ConfirmDialog.jsx,2903,1cbb693eb7ce5357b1509e7e2fc80eed2633311e541fc9f426626eaed1597c70,EXTRACTED
BUSINESS,dashboard/src/components/DailyBriefingCard.jsx,6448,d4690fc8eb2bf1e0f160a5ecbd65016263b616d8806b9c1ad0f20cedb490e351,EXTRACTED
BUSINESS,dashboard/src/components/DataRoomAccountsTab.jsx,12606,4c004f085fbdab45283a7ff118538f5f32eeb6050b2b5df7cc92aae121502343,EXTRACTED
BUSINESS,dashboard/src/components/DataRoomLinksTab.jsx,7365,2b46af4528a786d8f9090bf2648916de9266c2aea2a4fa5eebc366fc66c7b845,EXTRACTED
BUSINESS,dashboard/src/components/DataRoomOffersTab.jsx,9396,90bc0e4cc502e95eed0ee6506f9944dc54454ed2ec92195e6216cdcbc0f74cd3,EXTRACTED
BUSINESS,dashboard/src/components/DataRoomPanel.jsx,33868,c1fa1798daa192ca09dff32d276f27592d86b2f5c79f195bc5d21a01748bb7c3,EXTRACTED
BUSINESS,dashboard/src/components/DataRoomPromptsTab.jsx,8090,f3334fcf194084b382d2f5cbd6fcbe229c63e6ce19ae4f6e6028dde9334f3e30,EXTRACTED
BUSINESS,dashboard/src/components/DataRoomVaultSection.jsx,25385,352d20f645b1183dffd99a7242dcf5549cbf1783d6dd3a2dec1d37b47168f717,EXTRACTED
BUSINESS,dashboard/src/components/ForgotPasswordPanel.jsx,4232,d6128e2840d16adbed480d032cf4f4420085e10c917b7ff9bf4e55bba8894b1d,EXTRACTED
BUSINESS,dashboard/src/components/HandlerKitPanel.jsx,5216,619f754c68876660fe0f559c2ec8de68d827d5723d80593decb25ea4369760e2,EXTRACTED
BUSINESS,dashboard/src/components/LoginScreen.jsx,4759,1b2eb3797778e08bb8046ca4aa78c2188d5e397ec3bb7bfe1cbc8a716471be7f,EXTRACTED
BUSINESS,dashboard/src/components/MailMonitoringNotifications.jsx,20462,1cb28774a7f623ed1d76ea45e33ba3fc6ef71474df8bc9230968e6901789d919,EXTRACTED
BUSINESS,dashboard/src/components/MailMonitoringNotifications.test.jsx,3132,70d94d5aacfbb0d0beece49d3d5de84f05f8ae5e75a6a77818f78fa81ea2b8c9,EXTRACTED
BUSINESS,dashboard/src/components/PdfPreviewPane.jsx,3889,388ed387ec13c23e234d0f10715e161948fa4cec423cb708700fd1b92e5ef1dd,EXTRACTED
BUSINESS,dashboard/src/components/RecruitmentMailPanel.jsx,35168,03adb4affc48ecc4b37f371df09522cf08ef598908954aba2ae0a88cce0834e8,EXTRACTED
BUSINESS,dashboard/src/components/RecruitmentMailPanel.test.jsx,14777,5921766b7a53ec1098e1354566f21d899055d394882aa85fd0ec09050917340a,EXTRACTED
BUSINESS,dashboard/src/components/RecruitmentMailPanelRedesign.jsx,56639,0aa2172f47a02dff5d1d0fdab319d83d908f06932d93c0f36cb4e9432c46443a,EXTRACTED
BUSINESS,dashboard/src/components/dailyBriefing.css,4565,a3b61fa19ce99cbc62007553872759457392b99ca8a29aee418a0a9254abb2e1,EXTRACTED
BUSINESS,dashboard/src/components/ui/Button.jsx,1128,03454ef18560d816501d6accdf1528eb75a2031f1a8a4ef650ce0a738a0ffbb2,EXTRACTED
BUSINESS,dashboard/src/components/ui/CommonModal.css,6589,4998bb5698da6182df81907363fe2c2bb0c2f4522f07e5d6c5bb4d43b3c1143b,EXTRACTED
BUSINESS,dashboard/src/components/ui/CommonModal.jsx,6132,911b2152ca9adcdc4791f7d5b35af69005ee11cf210f92deab9191396b8af973,EXTRACTED
BUSINESS,dashboard/src/components/ui/ModalShell.jsx,1316,4d69d9fb3dc5b23fb2d7258bbbf820b39f03a2e9abd2440d688bd5c8ecd702c4,EXTRACTED
BUSINESS,dashboard/src/components/ui/SectionContainer.jsx,777,3a1f8cea0de45f0d8ae12452355dea0a0b835a2624c5eb11ddfbee64ca29a2ec,EXTRACTED
BUSINESS,dashboard/src/components/ui/SegmentedControl.jsx,804,c1aa3f3c67a6b50435b9953b83ab409dd345c1ac0a526d8add95283f84a28a51,EXTRACTED
BUSINESS,dashboard/src/config.js,866,dd3e6ec716efa1f15e62031e156368ecbbdb0b17947253b8827ef14947f69acc,EXTRACTED
BUSINESS,dashboard/src/context/AuthContext.jsx,3806,b8bcdf163ab95025652329a854f9c4dbe1c8bbb3cc850d66fd9610b317efe307,EXTRACTED
BUSINESS,dashboard/src/context/ConfirmContext.jsx,4200,68f0b2ea10cc875f7b65a5cca645bb501389ab9da76a5d94b39f83802e0152b7,EXTRACTED
BUSINESS,dashboard/src/dailyOps.css,97881,2fa95916530e909eb46bbd4f70d2ceeb7b847ab44f4dd33278e9e99cbcf1f7be,EXTRACTED
BUSINESS,dashboard/src/dailyOps/DailyOpsPanel.jsx,18923,2bd47e3a4a50b36df98d5ac1dddd7da270daf63e1274c2c9eca39df626e14c5f,EXTRACTED
BUSINESS,dashboard/src/dailyOps/InterviewRoster.jsx,27673,cbebe408696e9a53b1ea618a7ad0b63cd8aae2d97331364bb8944660e5c4a66c,EXTRACTED
BUSINESS,dashboard/src/dailyOps/PendingWorksProvider.jsx,6296,7b4e7f399dddd1a9f97a60aaaf4e682600e5c7607e772458af7e070c3d55c414,EXTRACTED
BUSINESS,dashboard/src/dailyOps/PendingWorksStrip.jsx,3643,7ce1420a6b45fa73c3f8b35d6ed86b5af9e9955a00ea2d2f454a36c3d70d6604,EXTRACTED
BUSINESS,dashboard/src/dailyOps/_extracted_raw.js,843,fd1d0fe4b83f785538b9ef6e9e62bfefcfabcc4de0bd3ffc7ccf78dd1cd41ac8,EXTRACTED
BUSINESS,dashboard/src/dailyOps/bundleSlice.js,227903,0d6bd22c3a110faa0d19bd1c4bc63a3b1f95aa26e86def4a48f0db4059501dd4,EXTRACTED
BUSINESS,dashboard/src/dailyOps/dailyOpsModule.core.js,277127,b416270d03f1559c982667bd9463d407ce66c3ff0c1a35474e959c52189cd0ac,EXTRACTED
BUSINESS,dashboard/src/dailyOps/dailyOpsModule.core.jsx,277127,b416270d03f1559c982667bd9463d407ce66c3ff0c1a35474e959c52189cd0ac,EXTRACTED
BUSINESS,dashboard/src/dailyOps/dailyOpsModule.jsx,0,e3b0c44298fc1c149afbf4c8996fb92427ae41e4649b934ca495991b7852b855,EXTRACTED
BUSINESS,dashboard/src/dailyOps/dateRangePresets.js,1855,5314972c76b3907a14cfac7959e3b5ce68db4b650095e0b37fd271f67f2c8606,EXTRACTED
BUSINESS,dashboard/src/dailyOps/useInterviewNotifications.js,6075,3395c945e24dfddff3d2d164961d2c350de9cdc8180a2af664fa9a91c29b0b06,EXTRACTED
BUSINESS,dashboard/src/index.css,429027,da82f018623c56feb3e3206b1fe265f81c2fac0c347ab0b8d2cc76384036ecd3,EXTRACTED
BUSINESS,dashboard/src/main.jsx,769,72377e090a564357edfc75e3b395f431289a3b092cb0c93d521afb1c411e14ef,EXTRACTED
BUSINESS,dashboard/src/ownership.js,301,686c3a7bab12c9adec081e6958f0260af6e13fdec4a2df7a3977b81ff41f31f7,EXTRACTED
BUSINESS,dashboard/src/ownership.test.js,445,dd5f41f70d18afee3bb6bc45816777e8016f56463120dc7e0a572c6ea6868ed2,EXTRACTED
BUSINESS,dashboard/src/pages/SubmitSlotFileDrop.jsx,2939,8ea5e4bbd30b2863f04abf3e9d05be3511c4438909c9066496e28b2c11e3971f,EXTRACTED
BUSINESS,dashboard/src/pages/SubmitSlotPage.jsx,38560,f91a2e125d0db91ffc12fdee789151e0f67860e5a13669ee0762bddc829f2e40,EXTRACTED
BUSINESS,dashboard/src/recruitmentMail.css,35856,021fd42e61790b4b0ad8d5fe088e685dc863e9c286db8bf7f1b12fbfb318d242,EXTRACTED
BUSINESS,dashboard/src/testSetup.js,42,977afde26bba6a51325908cd7713cbfdc87d18f06b78b237c8f364c44864b7de,EXTRACTED
BUSINESS,dashboard/src/utils/copyToClipboard.js,629,5baf7707f47b9ff4c812882cf727fcdf76eca7df00dd67219b263c1e89a637bb,EXTRACTED
BUSINESS,dashboard/src/utils/dataRoomCredentialsApi.js,2474,3745afd5053e14db0f4c79245378c0840ef77f4645c4e15f3ecc865cb09d3185,EXTRACTED
BUSINESS,dashboard/src/utils/istTime.js,4111,1038a533361eac2848d6ac92dddc384a32b96aa848d801f6c41c26a48bcc5118,EXTRACTED
BUSINESS,dashboard/src/utils/notificationSound.js,338,7a51bc8d97d0b678577b2f55de9468b66656046314b7c65620dcc8ac8dfe6251,EXTRACTED
BUSINESS,dashboard/src/utils/offerLetterUrls.js,2333,18c8b73127dce9d29196333be8fdd3e27300b8f81aa1d3a10a981b7621bb06ac,EXTRACTED
BUSINESS,dashboard/vite.config.js,1666,53a233b6d5ebf3f262371acba53eb0882a2f34c40b729e0a75746c12f2fa6e6a,EXTRACTED
BUSINESS,dashboard/vitest.config.js,207,c49cc7daa9cac406a2f2b2c42ea55f7f7058639830dc3c5029aa547ce0233bfe,EXTRACTED
BUSINESS,deploy/README.md,1870,0ce7e462d3bb39cae3c1c1dfebeb6a225ca6dea174fc34d4db69a6b85d84a7bc,EXTRACTED
BUSINESS,deploy/nginx.conf,509,5ffa991a29052792cae9d93e4f5eae6b128cec0e6814fd089f21ecf9f6bfe254,EXTRACTED
BUSINESS,docker-compose.yml,117,d920e54804ac9538ddd56eb2f245279d42aa3ce0a766193a641ff179a8e2971d,EXTRACTED
BUSINESS,docs/migration/backup-plan.md,1130,c2961c7a22cc319b2f68fd7e7bc571c787dd54d900bcb02162362999c2f14081,EXTRACTED
BUSINESS,docs/migration/contracts/manifest.json,415,50e34245ad6af87fb289d60225aeedb7e92f2abf4894de20ffc2f762b3605b57,EXTRACTED
BUSINESS,docs/migration/contracts/source-openapi.json,276307,6b3f4314672dc15ac26595f8bfd4bd73ca5998555481bffc1d3061a2852d3451,EXTRACTED
BUSINESS,docs/migration/contracts/source-route-contracts.json,39281,c0329864c710e4403610e12ee3083198900ee88ccae97ca9c83adba1ecc72e3c,EXTRACTED
BUSINESS,docs/migration/cross-project-contracts.md,4351,ba70212d74e4351353aaf17d1dca73b54d878aa9847aef875e3479aca5a8b5e0,EXTRACTED
BUSINESS,docs/migration/data-migration-plan.md,1705,4da613b1c2fd382a564b3f0fe5344da46d270fa1e50cd34b56dbcdeff561d34b,EXTRACTED
BUSINESS,docs/migration/deployment-plan.md,1612,3852a543fe283e12a678df10969c55258410afb622a9989b596ef1e278c839d6,EXTRACTED
BUSINESS,docs/migration/final-report.md,11112,5a50bb5000a0395f2bb143d99d571b66a3c6a291672c7f24fe5336289f67e2ec,EXTRACTED
BUSINESS,docs/migration/legacy-compatibility-map.csv,20088,1a6364503e5234a7f32bdf37a8397fbc17e8fcc92b543d280120c0d5c1eb6299,EXTRACTED
BUSINESS,docs/migration/output-openapi.json,159234,3b6a2181517b6c249232b29b664189dbca2ad1b8d33dfb25a765492606cccc9e,EXTRACTED
BUSINESS,docs/migration/rollback-plan.md,1080,6eb1fbd855f3573d9871a874e68a50077c2d23450d8c8d933fe16422548e9498,EXTRACTED
BUSINESS,docs/migration/verification-report.md,3285,0470323616a6fbc7532d3207946a675673870bdcbcc354b264b8a2c112c2655b,EXTRACTED
BUSINESS,features/__init__.py,0,e3b0c44298fc1c149afbf4c8996fb92427ae41e4649b934ca495991b7852b855,EXTRACTED
BUSINESS,features/candidate_store.py,202421,5bb1f2c8baac4b93d3ae60533a88d768a3db118d6ee781b85131a83c46a61c4f,EXTRACTED
BUSINESS,features/company_expenses.py,8118,46171eba4db7e32f76e9bcba79e79b2133681f8afdbd627c2c50d27e407ebc04,EXTRACTED
BUSINESS,features/data_room_credentials_store.py,22535,a3b84c2818c5ab5fb6f398b211a0d96ca3e01791d57a6ee798bf08b4c13eaeb3,EXTRACTED
BUSINESS,features/data_room_store.py,11830,c42a167fed4f70b006d57a16a302e01a068de211637be76977f690ae5ea07e7d,EXTRACTED
BUSINESS,features/handler_expenses.py,13253,ac6414c72dd17d7a2303096fd517c208a56220285b3f5ea4ed8a123e7d1c0fee,EXTRACTED
BUSINESS,features/handler_salaries.py,2948,a0b531b239ae8eea12c18c88c7d518d73a7427be4c496187977cc419059be274,EXTRACTED
BUSINESS,features/ollama_invite_extract.py,28921,702e25afdd641b1449547db0db62c68c3bdf6e1318dce16f92ad10f20a2ada2e,EXTRACTED
BUSINESS,features/ollama_payment_extract.py,33446,b508a04535c34ba97dfc1f67a79a164dd9a443c26a7ba88d4aa2cf1400841fb1,EXTRACTED
BUSINESS,features/ollama_resume_extract.py,23361,653ef73fdabb03b5ff4fcc8d9e3e4fb7866db0a6132c042ab10905ad23b4fc64,EXTRACTED
BUSINESS,features/operator_tasks_store.py,2235,66b263f519fd6873d5eac80ea77bd84d1eed34d9b29b51683639d7e3293c7bf7,EXTRACTED
BUSINESS,features/payment_fraud_detection.py,3117,d931800ebd7236de4d98d6d85376f7bfca58858202ba062bf6bab2c8a6c64cd0,EXTRACTED
BUSINESS,features/payment_proof_validator.py,13290,23782687d175ee98e7f6c45a8209a20dfa7d52388a43714c7362d739282825e4,EXTRACTED
BUSINESS,features/service_inbox.py,1059,7b30d630acfa2fe75843c5ff8423b92bcc5c473c5e5d49b068d3b7345e7c8847,EXTRACTED
BUSINESS,features/slot_screenshot_parse.py,31639,f99e4b91dac90ff8864b5089fd6a6630a0240c90b31acb00d1868c79e274830e,EXTRACTED
BUSINESS,main.py,60539,216e1b0dbf62a25061b3cbeb23eae3b5e8de7db81d58a3d9ac649e7cf588ac08,EXTRACTED
BUSINESS,requirements.txt,326,67a18289fbd5cca28c976f9e9fdfe7922bcdb72cb07301cf3bb70aef06bdbbec,EXTRACTED
BUSINESS,services/__init__.py,0,e3b0c44298fc1c149afbf4c8996fb92427ae41e4649b934ca495991b7852b855,EXTRACTED
BUSINESS,services/gmail_mailbox_provider.py,9752,54d7aa1144526aea9f8cffeaef76500dfd6ae2e1ea108134799b2c3c58f396ee,EXTRACTED
BUSINESS,services/interview_auto_booking.py,20434,bbc381b0ea59fbe68171e1e41f16cc0126ddba34f416e9943f06815e1036e479,EXTRACTED
BUSINESS,services/interview_reminder_loop.py,3776,7f9e5b13573a75e7e3e601a89b111b412a0529449f94eb70271d53595bc237bb,EXTRACTED
BUSINESS,services/mail_attachment_processor.py,6631,6babeaf59268da2056609a4379fd1b59ed20896c4ea94854cec4fe72c0b4f82b,EXTRACTED
BUSINESS,services/mailbox_provider.py,988,ac428253e3b653ef68a66e264fc5ef6b16bb789d77584547469b7e33d6a4cb67,EXTRACTED
BUSINESS,services/messaging_client.py,878,af3a2ca8af69fd8c03c4a27d81ffc2a3483281367798c1d0b80ada4d177568ac,EXTRACTED
BUSINESS,services/recruitment_mail_agent.py,67208,0e7986e20d36f3caa12505eae43a942a58bfb84473dd426f41df0984002fa13b,EXTRACTED
BUSINESS,services/recruitment_notifications.py,1067,917e643afdfd8b6434ee28051fbd889d3340fa4105e254d91f636a945b75e9a6,EXTRACTED
BUSINESS,services/recruitment_parsing.py,1560,12e24bfc7f346461e4214c7267b87538dc208d4658c226461f868fa812776e7c,EXTRACTED
BUSINESS,services/recruitment_semantics.py,17198,d3ab33b487ac4b7ab12b6d41b288fd2b7c9138d59511f8d0c9d8acdcd20087c1,EXTRACTED
BUSINESS,services/slot_booking_notify.py,1818,1e2530ec21b7b114f1efc4d3e4f2866f3e5f942230ec764d21637efcef9fd74b,EXTRACTED
BUSINESS,tests/fixtures/recruitment_email_cases.json,3294,0c1abf81b4222c3b066c62f65d467b286a283d2f10c2b98fb75af03a64903813,EXTRACTED
BUSINESS,tests/test_ai_gateway.py,5193,1d529c0f18859021af982753aa8d521a9b52ace69f8cd80a954310c531692bf7,EXTRACTED
BUSINESS,tests/test_candidate_email.py,539,a00dcb1a34102af396b7add759b4affcc95c9035c11cfb1adfc0165acc516521,EXTRACTED
BUSINESS,tests/test_candidate_proof_merge.py,2371,1f0a77f8c73b1a8f535cdc433b572e145edd0b2e9a22afca358a302e4cb1661f,EXTRACTED
BUSINESS,tests/test_gmail_provider.py,1633,e2284c9f733fe1e6cf83461d7c7c0503b9015824c0fd45be3121f78318c2cc8d,EXTRACTED
BUSINESS,tests/test_interview_auto_booking.py,11008,15b62124c9cb73ef1dae7dce2d1e84680b7f628621d9038c9d20092e0a33fb57,EXTRACTED
BUSINESS,tests/test_mail_monitoring_contract.py,2648,fa82ff99c19642ece55b4e9f8b38b985e34595640cbbfc345a076f69c771a71c,EXTRACTED
BUSINESS,tests/test_payment_proof_validator.py,539,6b806bbb7180782e9adb96707fd256b4ade4f132a79e882df3af6d74c7df0a24,EXTRACTED
BUSINESS,tests/test_recruitment_api.py,7851,d5efab1e7a17a7b63c74ae32f407bd4da7526790eddcfd7a71bde53eca8f997b,EXTRACTED
BUSINESS,tests/test_recruitment_attachment.py,829,7b5a63909e78e389922ead98d2d77ee14fe03bbac8df1a03e1132266c607327b,EXTRACTED
BUSINESS,tests/test_recruitment_evaluation.py,455,b1b551996f75c47d500dc45e324c487c027bf14ff2733a04a628df83410edb2e,EXTRACTED
BUSINESS,tests/test_recruitment_lifecycle_safety.py,7027,95bb489f9c3cc9ce61926426d983931ba6b4f27d7810bfc938fd3dc32b531101,EXTRACTED
BUSINESS,tests/test_recruitment_mail_agent.py,12329,3250fb7b112f54758e1a39a48e973020ee95e54c762f3010924f0eeacef1d0e3,EXTRACTED
BUSINESS,tests/test_recruitment_offer_visibility.py,2441,48c22c041f43de2aa5fda09a5373f704cb3cf493becb3df84978aec5ae28c8cb,EXTRACTED
BUSINESS,tests/test_recruitment_parsing.py,580,be801dac67b6c09036bef69aea364c406f35e85db59a7554bb7032b666ca9e9d,EXTRACTED
BUSINESS,tests/test_recruitment_pipeline.py,27494,06d61856c3d114e8c6dfb89c14d94888d1607dfb457cf6f44d0751e6afb53e3e,EXTRACTED
BUSINESS,tests/test_recruitment_worker.py,4412,f1bee5b4b41e27f28da47e619f9f65e98c32121c8c03edaa2a7dada9b556ddbf,EXTRACTED
BUSINESS,tests/test_resume_extract.py,1787,8635dbc3b57b167cd9b6aaa517cc5c319ea3f357e1ff12f6e10267aa5724fd4e,EXTRACTED
BUSINESS,tests/test_separation.py,831,5c04cf55b9ed7f792a39cef68cc7d2854b419ff29331f06d5efbd1d633cf9947,EXTRACTED
BUSINESS,workers/__init__.py,0,e3b0c44298fc1c149afbf4c8996fb92427ae41e4649b934ca495991b7852b855,EXTRACTED
BUSINESS,workers/recruitment_mail_worker.py,11423,580b7219e371dbf451652a78782ce310257e2dff946987bb64cc80006f11742a,EXTRACTED
MESSAGING,.dockerignore,82,4ff08d56c7032b3f09f5ffb7f45d0c11d1fa7c888ab59c5d4ce437af6f3fd03c,EXTRACTED
MESSAGING,.env.example,346,a4f2ace99d75c9fa6ee81e92e4b27b37ad1b190cc29bbbf3d0bfe8e7566307f1,EXTRACTED
MESSAGING,.github/workflows/ci.yml,635,c1893d49d2c5d7d35ca22138aedd1d03fcb2ea11ffe6b192bf063d7806096459,EXTRACTED
MESSAGING,.gitignore,124,909f4dac1063c654fd416b754c6b93ac5be04a7bd1037f0906ea5db54502ce20,EXTRACTED
MESSAGING,Dockerfile,384,6ba623870e61ea1f853d62927f1ab01d2989af0e9afb42f2bd581d5edfbcfa20,EXTRACTED
MESSAGING,README.md,396,27d6714f86f943743ebf13ccfdfd265c6def913d8ad5a61dcc52297e11384131,EXTRACTED
MESSAGING,android/.gitignore,131,afb941bdc57bed82ae95b37125b4091c935492818c9c6c833f88932b2c843160,EXTRACTED
MESSAGING,android/README.md,4280,21c7e628618ff1a55c90d7ceee86b2095e3de452ba63dbd60d35485641158f6a,EXTRACTED
MESSAGING,android/app/build.gradle.kts,4087,1ff24c2ed2efdc0541d4381fbfd2151b6f2fa6fd97ee6e0e917518820438ee80,EXTRACTED
MESSAGING,android/app/proguard-rules.pro,695,69fc7ee3ca9aa666e72f0fb2bded9ea277369bb46f3a39bd9057bca48aead08a,EXTRACTED
MESSAGING,android/app/src/androidTest/java/com/teleautomation/android/package-info.kt,365,0ed9b17b12a71e31aea70848d4ed1df321ac296f3cb810e55e34801d3e89d043,EXTRACTED
MESSAGING,android/app/src/main/AndroidManifest.xml,1174,cd5068f921b9c9a606cb9ba2ed3b83b526dd83c7ce85ef9d08c5fd62e95167c5,EXTRACTED
MESSAGING,android/app/src/main/java/com/teleautomation/android/MainActivity.kt,1775,af09f2a20270bc469ae228e216c09e2c8d33ee81ccd44a9da03b81fc9e71a7d6,EXTRACTED
MESSAGING,android/app/src/main/java/com/teleautomation/android/TeleAutomationApp.kt,596,cc191e4a644e8d2d4b95b0936d41417f5bc15fb4f5747cea73619fd6e558e6c7,EXTRACTED
MESSAGING,android/app/src/main/java/com/teleautomation/android/core/BackendUrl.kt,5019,0a46d43245c006eafbd7c37234be78a685ca59ab5d5a019cac660aa86ddf9311,EXTRACTED
MESSAGING,android/app/src/main/java/com/teleautomation/android/core/BoundedLength.kt,5106,f7a82499461e25d0e823f9771ca9ef5b121b602055a05e78b92e71ed3067c9cf,EXTRACTED
MESSAGING,android/app/src/main/java/com/teleautomation/android/core/ConfirmationGate.kt,4525,ff4865da60b89fe72825e9ad5bc264cf95775f42542b87ce5b88f833a187c39e,EXTRACTED
MESSAGING,android/app/src/main/java/com/teleautomation/android/core/ConnectivityChecker.kt,835,72d73fb6d42d43b6a67113d4f766abc7a01f731cb629b4aaf660e00a5609814e,EXTRACTED
MESSAGING,android/app/src/main/java/com/teleautomation/android/core/CycleCountdownFormatter.kt,5301,d2712606dce8594489c02e8240c8cecbbd41f4cff4f09d5f93735a0c51d40307,EXTRACTED
MESSAGING,android/app/src/main/java/com/teleautomation/android/core/DisplayNameValidator.kt,2762,49dd2b1e70f4e00097b9852f07781c15a9a51ee77544ffdda2a00027f2933127,EXTRACTED
MESSAGING,android/app/src/main/java/com/teleautomation/android/core/FleetActionAuthorization.kt,3791,8b031c0f4f5e7e700844041455272843522a0ad24238a7b4cdff1c454b9adda6,EXTRACTED
MESSAGING,android/app/src/main/java/com/teleautomation/android/core/LoginInputValidator.kt,3334,5bfc87f5f0496141a6f241db60563d53ac836238d0ca95601a35163ff184e3ba,EXTRACTED
MESSAGING,android/app/src/main/java/com/teleautomation/android/core/NetworkErrorClassifier.kt,4286,8ed1ea6bfc2e643067ad79c1dd7ee777ab6990bf109e1185395a289edb110dab,EXTRACTED
MESSAGING,android/app/src/main/java/com/teleautomation/android/core/NetworkResult.kt,3078,198f636027119104566bb666df83b64212bbbac2bbdd07cec3f3c723d52d4321,EXTRACTED
MESSAGING,android/app/src/main/java/com/teleautomation/android/core/PhoneNumberPolicy.kt,7385,a9c0858059880e9578312ffede6d7efcd1ccb0748c9eace8992db6c463b8ea2c,EXTRACTED
MESSAGING,android/app/src/main/java/com/teleautomation/android/core/ReconnectBackoff.kt,3396,32ad49a7aee2a39a1aeb29e371665948d8f12999ccf57040dc30ff5601639ab4,EXTRACTED
MESSAGING,android/app/src/main/java/com/teleautomation/android/core/RoleModuleAccess.kt,1293,0a6edffa565e07190051b0d4d732897927b3d7c7bd00ab7cf262e5cae7ac2fff,EXTRACTED
MESSAGING,android/app/src/main/java/com/teleautomation/android/core/SuccessRate.kt,2668,5edc0f6d37e4a60d634497b5d9fe693fba65b750a9e1abdef00907464f40502c,EXTRACTED
MESSAGING,android/app/src/main/java/com/teleautomation/android/core/UnreadBadgeFormatter.kt,3314,9731377cd70709a13ab8e05bc972ffc8fdb47cc61152da007d6a980c14be064e,EXTRACTED
MESSAGING,android/app/src/main/java/com/teleautomation/android/core/ViewStateSelector.kt,4652,eb52b174a4b97b4c730cf83d5ad07d02975946327e24cd60a24fb92bb20f203a,EXTRACTED
MESSAGING,android/app/src/main/java/com/teleautomation/android/core/di/ApiModule.kt,1764,d362cb7003e3de6d80c814c176d6abcde61686142d97cbdc6de1d75557a8af27,EXTRACTED
MESSAGING,android/app/src/main/java/com/teleautomation/android/core/di/NetworkModule.kt,5310,be72bf7d9106f1c320279e54113d90f58d054a2cccb00f783c298246e89ac3db,EXTRACTED
MESSAGING,android/app/src/main/java/com/teleautomation/android/core/di/StorageModule.kt,1695,1da1fdc4bb679e798517c105884a8bd29fd975aa22a287d1c96fd679e749d278,EXTRACTED
MESSAGING,android/app/src/main/java/com/teleautomation/android/core/di/package-info.kt,634,b4ceb35293e7f18d75f33334b20254fec9531c010c17a839a5e71d07f7bc2eb4,EXTRACTED
MESSAGING,android/app/src/main/java/com/teleautomation/android/core/realtime/ConnectionState.kt,1371,096ddcb39ce41617657199c75bcb170478563ab1fe872cdc7997e9c5eb563e51,EXTRACTED
MESSAGING,android/app/src/main/java/com/teleautomation/android/core/realtime/RealtimeEvent.kt,3967,38bcf3beee7d12f96b1ac09515b791c1e52cf5a13cfe96c18b64ce6e82a94487,EXTRACTED
MESSAGING,android/app/src/main/java/com/teleautomation/android/core/realtime/RealtimeFrameRouter.kt,4721,b67436e2be219579549e27aa8749187cabd466a04564e7d14a88af5b6fc41d87,EXTRACTED
MESSAGING,android/app/src/main/java/com/teleautomation/android/core/realtime/package-info.kt,1085,46aef396173d77e70dcebe7fe391d3e31611ae79d5a362cda93dcdf770c2507b,EXTRACTED
MESSAGING,android/app/src/main/java/com/teleautomation/android/data/api/AccountSlot.kt,2990,811bdf4f36eddf15b0ea1998b152f90ae5209093e98082f5b2328438a61d97ee,EXTRACTED
MESSAGING,android/app/src/main/java/com/teleautomation/android/data/api/AccountsApiService.kt,4206,043eac923ee872238438128f675bafad75ade5eaef89a628d3ec7f550828e8f7,EXTRACTED
MESSAGING,android/app/src/main/java/com/teleautomation/android/data/api/AccountsDtos.kt,12183,3dd6f8fbda53b77a626d24c931c6df49238f6329f5dfb47351243d4c085ce1a1,EXTRACTED
MESSAGING,android/app/src/main/java/com/teleautomation/android/data/api/AuthApiService.kt,1737,94c59802f964f4135f030f53c7cded363edcef1d0c502f785f02d5525e35d893,EXTRACTED
MESSAGING,android/app/src/main/java/com/teleautomation/android/data/api/AuthDtos.kt,3040,e63ca8a8954bdc3a025a747c11544e4437a7ed45d354308eae826e9f6fd9e67a,EXTRACTED
MESSAGING,android/app/src/main/java/com/teleautomation/android/data/api/AuthEvents.kt,2004,85503339ed2173a18c3837050d7e478e2451d9a231efcbcbb0ea43af55083bca,EXTRACTED
MESSAGING,android/app/src/main/java/com/teleautomation/android/data/api/AuthInterceptor.kt,1759,87d6f96bfcc4963e3e13f769fe0417ead285595ea350a5b5f879f66643cebd76,EXTRACTED
MESSAGING,android/app/src/main/java/com/teleautomation/android/data/api/DynamicBaseUrlInterceptor.kt,2484,e206f436e7f4dc3b6d40655ed9a6678cf394a8f350a39a19aedfd400ba305bdd,EXTRACTED
MESSAGING,android/app/src/main/java/com/teleautomation/android/data/api/FleetState.kt,13477,31feaf075936cda73ed59b9d473ab4684c5347deceaaaae01135c8049aa5ca2a,EXTRACTED
MESSAGING,android/app/src/main/java/com/teleautomation/android/data/api/PostingMode.kt,1847,0f3504fe1c6ff37265395fc2d87fb8cc184f9dd91b8bfaca6058f04b28997844,EXTRACTED
MESSAGING,android/app/src/main/java/com/teleautomation/android/data/api/RedactingLoggingInterceptor.kt,2680,87ef1c8459a632d6867911d85ab3713334566085599aedb487ec39465d80f270,EXTRACTED
MESSAGING,android/app/src/main/java/com/teleautomation/android/data/api/Role.kt,1239,d6642359a6f0c2afe950a18c7b3d40cad3f2681089ee829e276999ee5dfb2a94,EXTRACTED
MESSAGING,android/app/src/main/java/com/teleautomation/android/data/api/StateApiService.kt,2774,ff102f9e7b6c2ff21cd32471e3788706d72e2533ad703e93bcc5d61576a8582c,EXTRACTED
MESSAGING,android/app/src/main/java/com/teleautomation/android/data/api/UnauthorizedInterceptor.kt,2387,5fb4a2ebaae22c62d1698579b0a738ae478d41168daa2f8ca1cf8f45708b7776,EXTRACTED
MESSAGING,android/app/src/main/java/com/teleautomation/android/data/api/WorkspaceMode.kt,1160,72bf143e9c561abf9559380bc7b700b3e904efc48ad0407f7f78802c1aff0e42,EXTRACTED
MESSAGING,android/app/src/main/java/com/teleautomation/android/data/api/package-info.kt,388,32f5bfa8b6e72f0082024fb6adc06db2ee0e0fabfe85d38d09839f28b3ed67d8,EXTRACTED
MESSAGING,android/app/src/main/java/com/teleautomation/android/data/local/AndroidConnectivityChecker.kt,1530,a218cde97896abed742d32939a3376f52c2a5d687cf06fd91db932da8b614241,EXTRACTED
MESSAGING,android/app/src/main/java/com/teleautomation/android/data/local/BackendConfig.kt,598,2b669490937c7a7cff5a613d5144749246c8aac999889f9a1e6e2297c95e9bbf,EXTRACTED
MESSAGING,android/app/src/main/java/com/teleautomation/android/data/local/EncryptedCookieJar.kt,1164,1d738d10df8fa0218fd8cb1cbeb619091cc87cd793c693095ab45dbd7d638a17,EXTRACTED
MESSAGING,android/app/src/main/java/com/teleautomation/android/data/local/SessionStore.kt,8764,f90911f6bc42af5ce0fca516fab9404a6db048d95908e896cd9a53ea1710511c,EXTRACTED
MESSAGING,android/app/src/main/java/com/teleautomation/android/data/local/package-info.kt,417,88f3481cd883fa7d96cb374b4fd49cb30ec255002ea5b2207c918755ac62f8c0,EXTRACTED
MESSAGING,android/app/src/main/java/com/teleautomation/android/data/realtime/RealtimeClient.kt,10276,6511245a6f42b103190c03b1cd2229b2104a8e57d9418fa633d2f09a853d9e42,EXTRACTED
MESSAGING,android/app/src/main/java/com/teleautomation/android/data/realtime/package-info.kt,926,ba3369e77e11dd31f179a7e95c4fff4a4406d6fc2d00e37f43080efa0e9c5b05,EXTRACTED
MESSAGING,android/app/src/main/java/com/teleautomation/android/data/repo/AccountsRepository.kt,7078,d552ce2bfec1d4a57c3a56326a3af58e408f0bf959bed7956f6af783bd299c6e,EXTRACTED
MESSAGING,android/app/src/main/java/com/teleautomation/android/data/repo/AuthRepository.kt,5555,c017a1a324f7f5377844a397f6c8aab90b091caf56ff79fde676a660c496e035,EXTRACTED
MESSAGING,android/app/src/main/java/com/teleautomation/android/data/repo/BackendConfigRepository.kt,5069,590b1b7e51849eda9cc09cc7773e3281020c35a107d164858ebddd705b3f6a2b,EXTRACTED
MESSAGING,android/app/src/main/java/com/teleautomation/android/data/repo/SafeApiCall.kt,3849,adcb4dd701cc20a545beda3783ac0b8112103c2009825ddcf98c2e3a1a9455dc,EXTRACTED
MESSAGING,android/app/src/main/java/com/teleautomation/android/data/repo/StateRepository.kt,3511,7e3133985bc775619d059cf6088d1ce3438772a9d9598247adf8256470930777,EXTRACTED
MESSAGING,android/app/src/main/java/com/teleautomation/android/data/repo/package-info.kt,367,0d2e4fe920112d09c58c75e013ff1e5dc1a2fece09f10c990956a9a8729f880e,EXTRACTED
MESSAGING,android/app/src/main/java/com/teleautomation/android/presentation/AccountsViewModel.kt,21129,d4e8920e984663379838c328b9c479910dc94ad6cad45792ac67bdcc94707942,EXTRACTED
MESSAGING,android/app/src/main/java/com/teleautomation/android/presentation/AuthViewModel.kt,16578,6c06c80b21902d6718e62f4d561c097a49203035dd3ae3190cc066ed41736057,EXTRACTED
MESSAGING,android/app/src/main/java/com/teleautomation/android/presentation/BackendConfigViewModel.kt,5354,c1d5628ed6daa9a2f7e0ce9fccbe0bb68d20033ddeb9fe5b2faf61f14fe2b893,EXTRACTED
MESSAGING,android/app/src/main/java/com/teleautomation/android/presentation/ChangePasswordViewModel.kt,8342,5d4c9e6da3d35b4f1924218aa732f825e884f26d192d92b4939651c7ddb80a03,EXTRACTED
MESSAGING,android/app/src/main/java/com/teleautomation/android/presentation/DashboardViewModel.kt,14690,4276040c55ecd3dd6af571a01e4789cc83fdbd3f3c903c094a0f17fca082fa89,EXTRACTED
MESSAGING,android/app/src/main/java/com/teleautomation/android/presentation/ForgotPasswordViewModel.kt,9318,5dffa4cf6c8dd0988e344fbfc5f91aaa6aa389131017e246298d2ae4d869cda3,EXTRACTED
MESSAGING,android/app/src/main/java/com/teleautomation/android/presentation/package-info.kt,382,779d2ae47913ba936d8ecfb2c3a744eb20d0ed0c7d871ba2ceb578e49e630860,EXTRACTED
MESSAGING,android/app/src/main/java/com/teleautomation/android/ui/accounts/AccountDetailScreen.kt,12471,725f454c62300eb3fc39408e8a40733a0576db8c7f36d70f7105f139c17331bb,EXTRACTED
MESSAGING,android/app/src/main/java/com/teleautomation/android/ui/accounts/AccountsListScreen.kt,17076,f637424b1df5493c22932ed6e2305bfa02444aca9abc4b326337683717d96916,EXTRACTED
MESSAGING,android/app/src/main/java/com/teleautomation/android/ui/accounts/package-info.kt,811,48c3bba3eb697d51f9177ddfe4e62b130a857fc9f74b90319107d053fc812fc2,EXTRACTED
MESSAGING,android/app/src/main/java/com/teleautomation/android/ui/auth/AuthGate.kt,7172,db61fff2d5ef587006fd737614d7c887cc3816154b62e81d42abb69c06ab8064,EXTRACTED
MESSAGING,android/app/src/main/java/com/teleautomation/android/ui/auth/ChangePasswordScreen.kt,10329,50bc6425324e632a154c754eccd435688644edfedd95198d3d00e6f134c221dc,EXTRACTED
MESSAGING,android/app/src/main/java/com/teleautomation/android/ui/auth/ForgotPasswordScreen.kt,10487,78dd9f535a9ed8eebda7d50975efa315086afe41cd8713e9c0fa39814c34c20f,EXTRACTED
MESSAGING,android/app/src/main/java/com/teleautomation/android/ui/auth/LoginScreen.kt,12901,c486d1a731abd1fa008f379f9bf4cf4d654bf40b99992ca3491967b56f34e6d3,EXTRACTED
MESSAGING,android/app/src/main/java/com/teleautomation/android/ui/auth/package-info.kt,565,54a1d94e85d2a808c79760aa2e8d5404c4f7f24db731aa0d07d5ec396b0b8f3b,EXTRACTED
MESSAGING,android/app/src/main/java/com/teleautomation/android/ui/common/ConfirmDialog.kt,3801,7dbb717515e1a5ceb6e661ac969ef62370110c745727a3b5af6b92424528d9cc,EXTRACTED
MESSAGING,android/app/src/main/java/com/teleautomation/android/ui/common/TransientStateHost.kt,11751,f1da848ef02f31a7bbcca9ffd30edf494cd992fb9267ecd6f8bfd02a0a6d04f1,EXTRACTED
MESSAGING,android/app/src/main/java/com/teleautomation/android/ui/common/package-info.kt,722,ccf6697e6106d39d8ab0418c54695970b8ab93aab0d1b2b2ac4b9f6a9beaf9bc,EXTRACTED
MESSAGING,android/app/src/main/java/com/teleautomation/android/ui/components/OfflineBanner.kt,4484,f730f80e2190c1d6b7bacd67ec1f52c911e156d9ef0529fe4580fb5a884c104e,EXTRACTED
MESSAGING,android/app/src/main/java/com/teleautomation/android/ui/config/BackendConfigScreen.kt,7594,28974f5712935f27e2bcc9754ae1c69166b61fd35be558466b3c26b57b41178f,EXTRACTED
MESSAGING,android/app/src/main/java/com/teleautomation/android/ui/config/package-info.kt,371,dff2b9dc6f5787b5ca5408ac3beb1b09bf36763cc0053d2e886addb32cb75555,EXTRACTED
MESSAGING,android/app/src/main/java/com/teleautomation/android/ui/dashboard/DashboardScreen.kt,15621,f78e13226f81840301af68c5c2cc6bc9b9050d919230c09d022e14dbb5e9a6c6,EXTRACTED
MESSAGING,android/app/src/main/java/com/teleautomation/android/ui/nav/NavGuard.kt,1667,67bdf5abd15206f1f94f689243f3c0e20f757b2edaec9cda927fdaed2ae6d96e,EXTRACTED
MESSAGING,android/app/src/main/java/com/teleautomation/android/ui/nav/NavModule.kt,4886,d68eff91f988a0e2bcc0058b71321349eabd59e9d2a4c917de4fd62d2950e5d3,EXTRACTED
MESSAGING,android/app/src/main/java/com/teleautomation/android/ui/nav/NavScaffold.kt,19379,0faf75b9b133c7d03a7098c04295b197a8281839316d7cc4601f9ffc425d5bc1,EXTRACTED
MESSAGING,android/app/src/main/java/com/teleautomation/android/ui/nav/PlaceholderScreen.kt,2374,35bed7251e0f015340d8826b6a9689678a92e5bb4fb045b55382a8b93a8a21b9,EXTRACTED
MESSAGING,android/app/src/main/java/com/teleautomation/android/ui/package-info.kt,428,004f341b1eb91017a61d17c8095b383edf2b22385e5cb54189ffa3bc6e3cc0a7,EXTRACTED
MESSAGING,android/app/src/main/java/com/teleautomation/android/ui/theme/Color.kt,302,a7b03a6c12605befffbf3833d5095ccaf3c90de4d529c45665390a7b77bf3691,EXTRACTED
MESSAGING,android/app/src/main/java/com/teleautomation/android/ui/theme/Theme.kt,1482,952738a879b69679efd063cbe8ac0e1697aecceddd47cfc190ad15eca2cd77a9,EXTRACTED
MESSAGING,android/app/src/main/java/com/teleautomation/android/ui/theme/Type.kt,513,814ee13766cd45c439cb0b0346475dffc4b816dd191e6efa070c8c4d9d5c4fcd,EXTRACTED
MESSAGING,android/app/src/main/res/drawable/ic_launcher_foreground.xml,425,d365e4c4bac7f811b578f5efe7abaa5e09d582714cdc8df24d82932bf63edb85,EXTRACTED
MESSAGING,android/app/src/main/res/mipmap-anydpi-v26/ic_launcher.xml,275,e071a8516287e0bacccc1a14a62502f3e1eda8360b2aad3c88c390ccbfa77122,EXTRACTED
MESSAGING,android/app/src/main/res/mipmap-anydpi-v26/ic_launcher_round.xml,275,e071a8516287e0bacccc1a14a62502f3e1eda8360b2aad3c88c390ccbfa77122,EXTRACTED
MESSAGING,android/app/src/main/res/values/colors.xml,125,6fc6ddfd6b3abe7cf71f1f744189a623b507f093a2581666b9e497b465710539,EXTRACTED
MESSAGING,android/app/src/main/res/values/strings.xml,120,661df451116ac13525b4a7d9c3ed1b1746808f9f9a14c47f26c5e3258ffdf647,EXTRACTED
MESSAGING,android/app/src/main/res/values/themes.xml,440,b47a095880a32cc45a0037fbb760a3694068a93d1c9dacf21becda33935ecae9,EXTRACTED
MESSAGING,android/app/src/main/res/xml/network_security_config.xml,1151,730af8fbe74a5af68eefd4c1d1403aa6d6a2b6e52cef5e87155e65f3bb558e1d,EXTRACTED
MESSAGING,android/app/src/test/java/com/teleautomation/android/core/BackendUrlExampleTest.kt,3411,cefd199681a99d17a6c7efc98fa7c5de7ee7bdc911cfd09b9b2f485f794125ef,EXTRACTED
MESSAGING,android/app/src/test/java/com/teleautomation/android/core/BoundedLengthExampleTest.kt,3840,db546c930ea93d7867df29a6b3677a05441dc18ca0e0ff03ab74f3d27aea6095,EXTRACTED
MESSAGING,android/app/src/test/java/com/teleautomation/android/core/DisplayNameValidatorExampleTest.kt,2863,73c758c166c87f77bee4ece72e5700e6b5d3939a2ce191f6e2364bf5ff56fe8e,EXTRACTED
MESSAGING,android/app/src/test/java/com/teleautomation/android/core/FleetActionAuthorizationTest.kt,3629,6e031a5cb3c78bd3a79d75e842f23bf4b4cfb09c4f4e6d47cf7402628becc048,EXTRACTED
MESSAGING,android/app/src/test/java/com/teleautomation/android/core/LoginInputValidatorExampleTest.kt,2118,72a6b46a66c4eee637045e4984ee71712012b03b01b43fe3c4b3f264e2360335,EXTRACTED
MESSAGING,android/app/src/test/java/com/teleautomation/android/core/NetworkErrorClassifierExampleTest.kt,3142,a232b82bd2af5911476ffb01108d132907d334cf81377e3c4543e0efcd166c93,EXTRACTED
MESSAGING,android/app/src/test/java/com/teleautomation/android/core/PhoneNumberPolicyExampleTest.kt,4386,f9799300ab503c5665e602c4bc4e4620681ae2292681286873e9e5f1879587e2,EXTRACTED
MESSAGING,android/app/src/test/java/com/teleautomation/android/core/UnreadBadgeFormatterExampleTest.kt,2762,17052d450040dc4c7358956f9d0ff539c641e8481444c1f85dbc11710ab443c1,EXTRACTED
MESSAGING,android/app/src/test/java/com/teleautomation/android/core/package-info.kt,419,58810623ed5aaee001e95f9bf8f93ecef0b4f4f43dcb4f39f569264eb25b8826,EXTRACTED
MESSAGING,android/app/src/test/java/com/teleautomation/android/data/api/AuthApiServiceTest.kt,7862,66993713b3b12f7f28404c012cd9abafcd07eb655e505651233aaa8d75e56327,EXTRACTED
MESSAGING,android/app/src/test/java/com/teleautomation/android/data/api/FleetStateFiguresTest.kt,5650,6a303b2356951029200bdb2b4666615fe9f51f65ed5ad72c36f1fc8721471b12,EXTRACTED
MESSAGING,android/app/src/test/java/com/teleautomation/android/data/api/UnauthorizedInterceptorTest.kt,5666,c704e283d4561258366f018f9be71937ed3bdec9cf7282f762a93b7b869f8154,EXTRACTED
MESSAGING,android/app/src/test/java/com/teleautomation/android/data/repo/SafeApiCallExampleTest.kt,3155,d3fcb1db4cccf75f31847833c2ba2840969cef41e6b9a9a67f7ffe771bd779e0,EXTRACTED
MESSAGING,android/app/src/test/java/com/teleautomation/android/ui/components/OfflineBannerLogicTest.kt,1211,2eb34a5a33b46959d4bccc08d366b97770d9eaff10443b19d6b9232d3af9ef4d,EXTRACTED
MESSAGING,android/app/src/test/java/com/teleautomation/android/ui/nav/NavGuardTest.kt,2355,4f34968d8ed1941361b58d299c8b00255d5883a7dd1c882ffe2136a740ea70e9,EXTRACTED
MESSAGING,android/app/src/test/java/com/teleautomation/android/ui/nav/NavLayoutTest.kt,935,258f2a86cf826e264690f3ca48bd2181f72f16df0f54060a87836e1b2d69b63c,EXTRACTED
MESSAGING,android/build.gradle.kts,491,c21eab3dcd79400a48803feaab4f298fcc3ab482b5446563115dbfd3328866ec,EXTRACTED
MESSAGING,android/gradle.properties,436,9c9054579b935790807fcdbe3b742df7e7cd81f0d78ebc37ed916e878232d0f4,EXTRACTED
MESSAGING,android/gradle/libs.versions.toml,5416,6d08625b20963ee812b8703918dfcbc223ddf47e78b0fb0ea7647dfbb1f0bd57,EXTRACTED
MESSAGING,android/gradle/wrapper/gradle-wrapper.properties,260,8906bdbce6cdf99a1cf7f4ec366704977f3a702e513f2536969642fc1271fdd7,EXTRACTED
MESSAGING,android/gradlew,2429,5bc73467170347e500530f97dd57f6359d7f086bcc5ea12088caf1ecf7f3566c,EXTRACTED
MESSAGING,android/gradlew.bat,2918,bdecf875b6868cbcbd36a1f85eedf0832f358ff28092c5797ed645f7edce77d9,EXTRACTED
MESSAGING,android/settings.gradle.kts,572,1c7c2c3088bb92c4e40599eaa5b687cf1319fd58ef2a0cd6c2448b79551e6318,EXTRACTED
MESSAGING,core/__init__.py,69,3df0cf77ff59c9cee181108b2dffd88ca934feec97bdb73114f65400abe16431,EXTRACTED
MESSAGING,core/account_features.py,1592,2a0736a854f3559fb3f17658a0792278decf069fdaa2e87d8f7690c52db1f89a,EXTRACTED
MESSAGING,core/account_info_store.py,5673,a2b3a8b62b319065642cffd7618af1441154ef91c446ff23d200701ccdc5462a,EXTRACTED
MESSAGING,core/account_lifecycle.py,1520,c7915049bf57059729402c50708b01961273aa7c0640c847da86e5073a2504ea,EXTRACTED
MESSAGING,core/account_logging.py,1102,4a78aafaab47fbac06be4903756af8105a071c8edec65d61aa781bdae2746454,EXTRACTED
MESSAGING,core/account_profile.py,2191,cbd3c48f453d026404275050df0a35f3c9b10e2caa64df30eb0d1f822aae1813,EXTRACTED
MESSAGING,core/account_shutdown.py,8395,04ef05c5ed2813b6034bbc545e2e112d69fe5e4fb9a326c56bf19facdf157fc3,EXTRACTED
MESSAGING,core/account_shutdown_monitor.py,5855,2bb4bb8055d1633665dd873d6e0e16d9671a5f365a1cf9abd31e0db4b4302735,EXTRACTED
MESSAGING,core/account_timing.py,1939,46c6b2846e170f8808a5a54e0e7cd42de9faacede95757c36f0bacc854ef65ae,EXTRACTED
MESSAGING,core/admin_dashboard.py,12948,ed707f8e94e01817b2bf908b24583e101ec37b1e8c2a2aa8e67f5230aa7fb523,EXTRACTED
MESSAGING,core/ai_smart_reply.py,304751,79516233e638c65541aacd7e934bf752be094b996bd0b06c2186387a9134fd92,EXTRACTED
MESSAGING,core/ai_smart_reply_store.py,16494,2742ceaa89eb8f0ca8139554288b6aa1fee241e7e45a5d52c453696e1a4458b9,EXTRACTED
MESSAGING,core/auto_reload.py,4461,b8b4ba6a40fdd0cbc970b2147be5c0bbb9bfbae19853953f42b67ca67f8988ef,EXTRACTED
MESSAGING,core/block_store.py,2662,99b7acef3f6ffd647c17ffe0f82b03397ed54d45bf17ab22bdddf83f4202e76d,EXTRACTED
MESSAGING,core/broadcast.py,583,9332b71d9b2e97d78cb4b69c1c576b157972c78d24a124cd179400850f5d3ed9,EXTRACTED
MESSAGING,core/business_compatibility.py,2854,de48fb9aa5b5a420ed2e87884c888de140c156accb9c807631bd0962e05048a7,EXTRACTED
MESSAGING,core/call_store.py,6529,57b78a16b16387939215e947206b834383bf7948692ba6e4c02e5c221d936c74,EXTRACTED
MESSAGING,core/config.py,12961,4689d432b02236183482464870340b0e4e3c704e1e720778e245111efc28000c,EXTRACTED
MESSAGING,core/contact_link_store.py,3162,b93872d388df619ced04d3791557c34e2ee738656c97d5bd75619e7e8245512d,EXTRACTED
MESSAGING,core/crm_store.py,5119,8aec96382db4dcea2c82eda5742e11bfd2921386a9e9e69c86696fa325e948e6,EXTRACTED
MESSAGING,core/cycle_metrics.py,5678,b96f2a142383bce54b518aece262a98f586dc140ed6ed0e216ddd80c34f54667,EXTRACTED
MESSAGING,core/daily_stats.py,6577,90dd73f1c763aa92092052b19002056f812044d034998aa026d360b8a36cc3db,EXTRACTED
MESSAGING,core/dashboard_access.py,2845,5221e7467f3d84f4251b7d40447cd149c1a81579c5310ff23407831aa5f50e28,EXTRACTED
MESSAGING,core/dashboard_auth.py,131,7fe94ec13fe39cb1aabe8a60df596f720fb9ac5f4b16f95ca137f5e33d32fb82,EXTRACTED
MESSAGING,core/dashboard_auth_api.py,7147,4c8194d3c20f4805c34b5db541345849eaae444ca6803b82822cd8c3021361bc,EXTRACTED
MESSAGING,core/dashboard_auth_vps.py,14925,4770ccf7ab8b917031894f6d012bd91b479e5fb26386b7d5357a035dd9aa5ccd,EXTRACTED
MESSAGING,core/db/__init__.py,202,abd33074c1281c7279b818f132dab7fc3850608414690e7e5d550a8dd7319450,EXTRACTED
MESSAGING,core/db/ai_pg.py,1193,85e0fe083357d546ae6be1bb6c367d5418cfcd9f60f2b789ee9cbd97a304887e,EXTRACTED
MESSAGING,core/db/connection.py,1168,32d6da0c8736cd4df9c3204b5633e2768e7811f29ee895aaa60f2f33c66a26ba,EXTRACTED
MESSAGING,core/demo_tools_api.py,1557,d26568d2188bc8be3abdc86e7f9da6e572fd431f7e9655c7f41d6beac8a738ea,EXTRACTED
MESSAGING,core/dm_filter.py,2593,2a4ffa2d08ac39a3d098982dfd77ddd840ce9b0d4e17f159899e0285f70c69a3,EXTRACTED
MESSAGING,core/dm_media.py,14943,0b0c4a7bcd7d5ac39ef6219c0d418e45a92992bafc46f58971b998a81debed0c,EXTRACTED
MESSAGING,core/dm_store.py,25857,f40d2fcc46146ce5ab78e6610647ffd93ad16ed134042d5615e841ded7227f28,EXTRACTED
MESSAGING,core/dm_string_session.py,5677,52dd44eac93d8171c95c6e19e12816381a951b67da86a7e93a62c618bdc4a038,EXTRACTED
MESSAGING,core/execution_policy.py,5498,c3107917c6a5d497e89148a5a15c16241627827c4834aad6124dd87e474d2a4b,EXTRACTED
MESSAGING,core/fleet_defaults.py,1731,ff016fb0b4e7ea295b0f590aa83e2b6e1655986c0b97417db7a86fbca0ba977f,EXTRACTED
MESSAGING,core/fleet_rate_coordinator.py,3450,51843dfa609a986aed3c05457afbb1433c69c86fdd639ad663a94bd0ea39a406,EXTRACTED
MESSAGING,core/formatting.py,541,ce0d95ed956057e41569590c87b0bf3bbe4ef617f4da6de8b78588eb72f3b38f,EXTRACTED
MESSAGING,core/forward_intelligence.py,13912,ba2ae4c11539ee5bed447f59cbfb44393c5e496ed929b30d230788c46593533e,EXTRACTED
MESSAGING,core/forward_message_batch.py,3099,1ff468b6040288f1f55d4d78cfff768ee99da14da430a15874db636966daa558,EXTRACTED
MESSAGING,core/group_assignment.py,2716,9f9d50d4441b7497227b25c406c6dca7444328ea626e34a7464a97fa6d6e2ee6,EXTRACTED
MESSAGING,core/group_send_stats.py,4988,eb790f2c5620a05862dbd5af7f34b0c94a1d2f432f8509427a1ea113797aa8f9,EXTRACTED
MESSAGING,core/groups_cache.py,1882,baf01db17cba003c055792a50746a76b7809ffd71459af4e4e89ee7e9615859b,EXTRACTED
MESSAGING,core/groups_store.py,19432,070691eed27dfc4a1a5b8796a0155a4c73d0d959b55708594f6b0d3ef6e12cab,EXTRACTED
MESSAGING,core/health_monitor.py,5685,c092ed43a2579eaff30d4b9b4a7d3b5abfa33b8cc0184e66a0e68268ded8ecb9,EXTRACTED
MESSAGING,core/internal_api.py,2060,b11262aaca720ff467e7094c3ac9252262e8a22f591a1bf94fdad5ade54403b6,EXTRACTED
MESSAGING,core/ist_time.py,3298,6a731bb1baf2da0c91526b02176d3bd1b3993a9adc13df59f75b9204595d9204,EXTRACTED
MESSAGING,core/join_cycle.py,11205,baeb953944d29ae230dcdd3919f332be9dc926466c3cd64ab62fb8fe30916cf9,EXTRACTED
MESSAGING,core/join_rate_limit.py,375,cbda6a0c9b71dfdd3dbdd1e43e975b5eb51fa61de33ec470a1d0f532725cb20c,EXTRACTED
MESSAGING,core/joined_membership.py,8703,ef5a627348b3dd4f2b2bbc0db75e72616f36fd7edf6622fd86bba991baf9aaf2,EXTRACTED
MESSAGING,core/joined_membership_scheduler.py,3241,bed65aedd1982e264ff9a3f20edc795ebaa933e7c30ac297bf1954616da45ee4,EXTRACTED
MESSAGING,core/karthik/__init__.py,52,93671c827ecac8f08923d379136b4716d1a92b643866bf528f173893a66ea7ff,EXTRACTED
MESSAGING,core/karthik/playbooks.py,726,2b3386e96c098c8311d3556d6e446bf857e979ecd163de721db8947054173a9b,EXTRACTED
MESSAGING,core/karthik/thread_intent.py,2680,a337219b38c8fcb63538c2194ba3dc58f5cdffe1f14ab578bf07aa992462a278,EXTRACTED
MESSAGING,core/karthik_business_prompt.py,703,7431d2fe7084df36fbbb298fea580df40af3ee8ce1e1bc2def01575c38f4c640,EXTRACTED
MESSAGING,core/karthik_economy_preset.py,4063,e188041ee7c8355ffff5e83a308c3583851aece41affc6fc45e546b528ff4fa0,EXTRACTED
MESSAGING,core/karthik_inbox_sweep.py,3830,9aad37a52ae3d922e23a15feaf7a93b79715c4374e95b835002e3cb0c7a0ca6f,EXTRACTED
MESSAGING,core/knowledge_assistant.py,16045,449a4a383050def5f67a88916049527595ea3a7190261ddf4f5616bf7dab1fa5,EXTRACTED
MESSAGING,core/lead_graph.py,9147,db82868b9570ebfea18add4ea1f090849af8e26975994deddab1bad3bde99afd,EXTRACTED
MESSAGING,core/login_pending.py,1421,371a1754a3d638bfb5e402149a03d4cb841e3c747f54a8f46d8c257ab547a321,EXTRACTED
MESSAGING,core/message_rewrite.py,7142,1fc1db0611905ab5a55fc72c94cd3063722e9fe3f75f9ef11c6becb6944c646e,EXTRACTED
MESSAGING,core/message_store.py,1633,9a93f5419a6d7054c337da7de9f2f9b7df31d22ffde0e02494a81764e019230f,EXTRACTED
MESSAGING,core/migrations/__init__.py,0,e3b0c44298fc1c149afbf4c8996fb92427ae41e4649b934ca495991b7852b855,EXTRACTED
MESSAGING,core/observability/__init__.py,159,feb2ad835510a5c3a41784515aa01fbb736b2e28c43623f3c1bb44830c8a8268,EXTRACTED
MESSAGING,core/observability/account_metrics.py,5465,1970c10959edcfc5bc7b2e25e028261c8161d652bd2c15627cdfcd0b43a78eae,EXTRACTED
MESSAGING,core/observability/alerts.py,1583,9bad5f051d6957a7d8427e09a50568e7ae9f4c4a0c5666291478d679c1700956,EXTRACTED
MESSAGING,core/phone_utils.py,963,05f6c78d0e826632e318783e66b52751eb5296c3303923da7a7727a3ad5e5e10,EXTRACTED
MESSAGING,core/posting_mode.py,17565,a71d15cc6ae4df2a966566648c9a02f7691496bd891f6e73815f3346e5c2b4a6,EXTRACTED
MESSAGING,core/send_stats.py,8253,62e1bb3a30db5e4a16e3353c691086c46787ff1d247f70898b0a789290cda53e,EXTRACTED
MESSAGING,core/session_manager.py,2770,9444410722d2795c25dec164fd3b730e24bba9902c0c754874651d00b7416ca4,EXTRACTED
MESSAGING,core/smart_engine.py,14765,5d9c75911adde5b923daef0aaffc8c11448350d985e562a241fdb0b104847099,EXTRACTED
MESSAGING,core/spam_detector.py,5047,bf0cdca1fc230f8575285d3e84584004be5a79ce817ee35b84c25a96577792e6,EXTRACTED
MESSAGING,core/speed_optimizer.py,11631,dc0e0467099b303e7f8543f067b5d666836318bde36401614b65d859790b07fe,EXTRACTED
MESSAGING,core/stats_reset.py,9045,f6a6ac886294f04dcddacb2bc7a94ac63a7f8d87d1442d516ab4d651c67a824e,EXTRACTED
MESSAGING,core/structured_logging.py,8500,24d7128bcd9df15f79a17af9ece51030e751b73cd9d9f29a528ae88c19098acd,EXTRACTED
MESSAGING,core/subscription_accounts.py,2931,c7f2f975bfbcc14e737ad07332a9b11d8ffdabbbdf85c7d1b98b94bf6b66c234,EXTRACTED
MESSAGING,core/system_lifecycle.py,3188,53c139872841f1a8f67c0ed5241dbfa2c32b11352d2136c128e45c87eb982b0a,EXTRACTED
MESSAGING,core/telegram_client.py,19273,54760c5a42b7fb8fc3b4e6af45fb6d9b022bedbee32d3ffe28401e515c2e5f0d,EXTRACTED
MESSAGING,core/telegram_forward.py,1992,da4ddb3a9d419ac4b54bb6366dfa4ad49e186066583a1374cf81c70d0a1bf5fd,EXTRACTED
MESSAGING,core/throughput_engine.py,8806,4d7322aa5f65c09d46651ad1960d88afd6e636222398b3d0e4edfbc95c8077f7,EXTRACTED
MESSAGING,core/unified_scheduler.py,9071,4337606b801fc93135669de0df9d5fc32048260ac9a1682aba0ac4614b4e1c6f,EXTRACTED
MESSAGING,core/voice_call_api.py,8728,206b046e7f674eb5030669a4a89dcb5f770ea4509125eb0c0dcfd9a61d296a47,EXTRACTED
MESSAGING,core/voice_call_store.py,8218,6bc39a14d6872f0aa839800c2f0c896c49e6c3a4219cb19fd53965f55f7cc575,EXTRACTED
MESSAGING,core/voice_signaling.py,2757,f5bd9ac9266615800ff4064442bb4b7a64713c704aab550e65b367ee4c95b6e2,EXTRACTED
MESSAGING,core/wa_media_store.py,1851,4f30385b9f8c4151666a83465eb0607d14e06b7daf0edbe8e3691ddeebff20b6,EXTRACTED
MESSAGING,core/web_push_api.py,2981,45a7919d14859e4f435d9bb12ee492225da5ec3838d330a4643f7ca6a023f41d,EXTRACTED
MESSAGING,core/whatsapp_api.py,7380,0c8e87ea92d9042c1a00e5801f015dbf56ca851f4d8def8eb63e86f137dcc630,EXTRACTED
MESSAGING,core/whatsapp_channel.py,1713,2d16225e09692b789304c13fc77f3866d3e7d884da8956bd79ecdd8a62866a07,EXTRACTED
MESSAGING,core/whatsapp_identity.py,998,217775a98478c42fb83d99f184ebe23439f22f22d54d0a90ba3fb5a698c0e50f,EXTRACTED
MESSAGING,core/whatsapp_templates.py,966,a0c6ed19d2966493cfef82dc0842bd480e79870635e8f2b1a6cfc870faed5255,EXTRACTED
MESSAGING,core/worker_persistence.py,3164,eb6679d40d67b59500fdae0d7b358b5173ba6629ff6f938c3a49c94115216731,EXTRACTED
MESSAGING,core/worker_watchdog.py,3844,f475f604b037130cb4a29c0613ba174b00400cb0e1c220e6f9249d500f6d7ed3,EXTRACTED
MESSAGING,dashboard/index.html,757,362e864f7310db6e01ec26597fca87952536581d26bcc3d8e8ba6c2a3d5ee526,EXTRACTED
MESSAGING,dashboard/package-lock.json,219775,c74ec16dbce64f5250a6d05fc0a01e1b24f017687fab9c39badaf51dea43b5b0,EXTRACTED
MESSAGING,dashboard/package.json,1396,faaaa345a87264350d3b3a88a9977c0356cd7f968348f8a493c2bfbbda7cd75d,EXTRACTED
MESSAGING,dashboard/src/App.jsx,4375,d8fe480e4240f4b4efab9b8ceef368bdfa0681ed08bfb2aff210c8bdcb91c7e3,EXTRACTED
MESSAGING,dashboard/src/Loader.jsx,1218,969e77e5f280a49af146549f938c723e01f488390155254ddf8718a4f1f7fbb0,EXTRACTED
MESSAGING,dashboard/src/ResizableDashboard.jsx,6309,1e09e4143ca54ee31df064f30bf79153e81e56f578f1a52a4ece0c710afb79ed,EXTRACTED
MESSAGING,dashboard/src/admin.css,6193,63513ae32957fa4761d8bd7e9a60cde9717de85a8b198ae93e7fb81448542c6e,EXTRACTED
MESSAGING,dashboard/src/admin/AiEconomyPresetSection.jsx,4550,f923a730a437dea52a9b914d2261ad2a35c1d698525e86caf0e086323abda50b,EXTRACTED
MESSAGING,dashboard/src/admin/adminModule.jsx,34907,ba3d01dd3ac730abb2a4b64542570eced0b43f0c064497fd82cd005445d8ac33,EXTRACTED
MESSAGING,dashboard/src/assets/hero.png,13057,881ffbcaafc212e49addad08846a5b82761355fa20624253af3477ba33262c5c,EXTRACTED
MESSAGING,dashboard/src/assets/vite.svg,8710,2f1f6c6f90a0ef7422cbb4cfafcd8ad329c507a18afdc34cc21fa72179b9c54a,EXTRACTED
MESSAGING,dashboard/src/assets/vue.svg,496,5532db34f1c52841881bab8aeca6c3e8d092bd21a689a65f4d8f8cf8041eef9d,EXTRACTED
MESSAGING,dashboard/src/components/AccountCard.jsx,30353,c6bc91a20cdcc724eea1a014caec9fb55b104f732e2579810274a1335a11df6c,EXTRACTED
MESSAGING,dashboard/src/components/AccountFleetGrid.jsx,6096,ce50e14710a53e8c9e4ae6d9e268399f94569f82687e85257abeec014593dfe2,EXTRACTED
MESSAGING,dashboard/src/components/AccountModeSwitcher.jsx,2614,6e2357ae471e190878415a20a82d905447f92d6791773f3fc346b0997db7362e,EXTRACTED
MESSAGING,dashboard/src/components/AccountNameEditor.jsx,5113,96da987fc9ec3eaf6cd188e427e943041b31339b4a4e5c7e76b095777bded981,EXTRACTED
MESSAGING,dashboard/src/components/AccountPanel.jsx,16377,fba070e88d453121f1091cc8eec57eff463527b87810070b621d7caa03457426,EXTRACTED
MESSAGING,dashboard/src/components/AccountPerformanceChart.jsx,3856,f7ee99e8afbbba72c614fa1b7f2ca6ddc3e1b63d1aa31d0434bcd9bd04cfaf22,EXTRACTED
MESSAGING,dashboard/src/components/AccountPrimaryActions.jsx,3727,174b968df9c586a2bfa62df11813f9f053df63dc76aa5a193aa21f3a63a26ff7,EXTRACTED
MESSAGING,dashboard/src/components/AccountStatusHero.jsx,2927,3496ac4e224c7fb86946c3a52d4d6e2a35955505a97648508bc2e33fc14be223,EXTRACTED
MESSAGING,dashboard/src/components/AccountsLoginGuide.jsx,1979,7ca74fd48cc47cee7f52ca77bd60f0288b2324b6a0eb7cd1634cb96fc3a8f962,EXTRACTED
MESSAGING,dashboard/src/components/AdminPanel.jsx,55,4b9b415ef8cb7bd6ad7dbbce929d09f2c2d2424322b09d105033d34266cc0282,EXTRACTED
MESSAGING,dashboard/src/components/AppViewNav.jsx,3490,26dae941a94d2d376eb7882e8f188e7ab969db61e9dd2684e10d0b99f9948a66,EXTRACTED
MESSAGING,dashboard/src/components/AuthGate.jsx,637,0a13399b4de59b4fdaaf7fabb054955a20d9eec394b069a52109cb63ab8f3372,EXTRACTED
MESSAGING,dashboard/src/components/ChangePasswordModal.jsx,5251,7537048d3ec2723300891060fabaa6d2191e65eb212896b08773aec1e6f86702,EXTRACTED
MESSAGING,dashboard/src/components/ConfirmDialog.jsx,2903,1cbb693eb7ce5357b1509e7e2fc80eed2633311e541fc9f426626eaed1597c70,EXTRACTED
MESSAGING,dashboard/src/components/DailyStatsPanel.jsx,21850,5b90230088054214f34f2807db703b15770abe0c11b32ec389cd8dfbbce46481,EXTRACTED
MESSAGING,dashboard/src/components/DashboardColumn.jsx,1068,12e251429f9a68947fbb9ab5dbf6c25b6d50f2b01a8abbd22de464ea86ba0b9e,EXTRACTED
MESSAGING,dashboard/src/components/FleetDefaultsPanel.jsx,11578,9ba0ecded4c4aed6f41bae22053e70a7eba7d87142c41a8b8a51568489dae20c,EXTRACTED
MESSAGING,dashboard/src/components/FleetHealthPanel.jsx,6801,a2df8aab049db66197dcbb320ac02687419365cf2efbe66a805f575905d3d2ad,EXTRACTED
MESSAGING,dashboard/src/components/ForgotPasswordPanel.jsx,4232,d6128e2840d16adbed480d032cf4f4420085e10c917b7ff9bf4e55bba8894b1d,EXTRACTED
MESSAGING,dashboard/src/components/ForwardMessagePanel.jsx,21460,b19dbc42a60180e812cb030e00ff09a3813dc8b0591faca40a94b8a650ebad01,EXTRACTED
MESSAGING,dashboard/src/components/GlobalActions.jsx,3923,a4ec5d6a63d7f54cf0694af052c2ca5260b77ade8626fdda105e7b84412af3fd,EXTRACTED
MESSAGING,dashboard/src/components/GlobalProgressSection.jsx,8267,8a8615283954e536bf3c18490351e1bf2ec33d448c0717d03b506437e2d7f7b0,EXTRACTED
MESSAGING,dashboard/src/components/GlobalWorkspaceMode.jsx,948,5502017c8ee01840ad015cafecc92ce8875656395516ad1fa606196c6a143a88,EXTRACTED
MESSAGING,dashboard/src/components/GroupCountLegend.jsx,1556,c4cc745a9524a3c7cbb22f8d6c2c7eb4152ac8e3073d36c5c18c055c862f2300,EXTRACTED
MESSAGING,dashboard/src/components/GroupsModal.jsx,3304,8606c299777fd0dff23b8924148c6a687db87f0487a42ca5fef04ba7b345524b,EXTRACTED
MESSAGING,dashboard/src/components/GroupsUpload.jsx,12160,9add348e6866c06ece355ce14a3614fc138def0069a83d782b02e39ea090d1ff,EXTRACTED
MESSAGING,dashboard/src/components/InboxPanel.jsx,56603,f36ec90e6c8df5b4453ef279d7376c8cea90cf215b7d740cd45fe03a8713e2f5,EXTRACTED
MESSAGING,dashboard/src/components/KnowledgeAssistantPanel.jsx,13579,99575a831de0464d76a949144b6e53fab0ab68b72f4ca4e7dd51d677cbd7befc,EXTRACTED
MESSAGING,dashboard/src/components/LogPanel.jsx,8591,bd0c1b96e76f1c10c44a835f04f2ed911b76b314ad161fd76d3a51281273a30e,EXTRACTED
MESSAGING,dashboard/src/components/LoginScreen.jsx,4759,1b2eb3797778e08bb8046ca4aa78c2188d5e397ec3bb7bfe1cbc8a716471be7f,EXTRACTED
MESSAGING,dashboard/src/components/MessageEditor.jsx,5261,3dfce0c5876fac30037389463d21c463f080844692bd976fba340353b31badc6,EXTRACTED
MESSAGING,dashboard/src/components/ModesSetupPanel.jsx,3800,cc46cce10a34080fc26122bbed041cd44cf4600421cb3ba581a1c01a7bde3818,EXTRACTED
MESSAGING,dashboard/src/components/PostingModePanel.jsx,13984,fab42ef00f7ebf96f897a2f1838723c1ce4e0c86ae8d4741c39932b4fd6cfc35,EXTRACTED
MESSAGING,dashboard/src/components/ProgressHubPanel.jsx,24405,64f302700d05d32a934376b13bdfe54032d1a7c3a1130c9525573b4019008782,EXTRACTED
MESSAGING,dashboard/src/components/ProgressSection.jsx,4412,0e3c980a2c93087e87f078bf6124c89ffb7f884d146705324e5925857a1240ce,EXTRACTED
MESSAGING,dashboard/src/components/ProgressStatsPanel.jsx,2925,fad39cb828c79bcb05e3a06a22157534e5275a3b9989820b86d032bff829e0fe,EXTRACTED
MESSAGING,dashboard/src/components/SetupAccountFilter.jsx,1280,d9d9a0b515a2ca392fc87c46bc0660f1732c1535811ee7e64cc3b170904282f8,EXTRACTED
MESSAGING,dashboard/src/components/SetupAccountPicker.jsx,2809,ef74c38ea1fe41f6483802fdd1b0c7f799a2bfa7faad7781addab6e0dc139f3c,EXTRACTED
MESSAGING,dashboard/src/components/SetupMainPanel.jsx,5774,93f41fad7cc4c74aba63fca727199472172cb207f5f4c13ba3db737d2af34ce5,EXTRACTED
MESSAGING,dashboard/src/components/ShutdownListPanel.jsx,10912,d0d40b122f9ac5a706cb444750e1a91acc242c3b038b337cd76cd9374856eb50,EXTRACTED
MESSAGING,dashboard/src/components/SoundQuietHoursToggle.jsx,2131,2bbcb92ba7d700bbb5419756a8ee0a5128dd30c667dda155406ef3b9dde7c784,EXTRACTED
MESSAGING,dashboard/src/components/StatusBadge.jsx,2324,56d755d8a342a84fc800a2ec0e702206cf0a44f614663b7bb4794ae5c01cd14e,EXTRACTED
MESSAGING,dashboard/src/components/SubscriptionBadge.jsx,1548,2ec0048dba49bd7a9d5fa883f4338b1df05001bd1ac8a3f8ccc297201017c9e0,EXTRACTED
MESSAGING,dashboard/src/components/WebPushToggle.jsx,2381,641baf6d91bed6469cf3f0854b2ddec3b7a4072ee35357d2246382b19699ae9d,EXTRACTED
MESSAGING,dashboard/src/components/crm/AISmartReplySettings.jsx,8629,2671e93f2b74214ea3e173fb82cc635f1baa7b65bc58f77dc560507d1d87dfbf,EXTRACTED
MESSAGING,dashboard/src/components/crm/CRMInboxList.jsx,3247,4fbca03e93e1a3ec4d1f01d370fdec7fe6c28992a7b6f38f24503423f5a4ce8f,EXTRACTED
MESSAGING,dashboard/src/components/crm/CallNowModal.jsx,2244,426df8b88fcfb1745cb924ec6657b1b674d6a61396e9959d41a2398d661ac80e,EXTRACTED
MESSAGING,dashboard/src/components/crm/CallOutcomeModal.jsx,1384,6b7cd0b8b98492d26a22142c85a5dbeac14962de168a18ba2dbae8f868ef5a64,EXTRACTED
MESSAGING,dashboard/src/components/crm/CallReminderBanner.jsx,662,978605a48bf6bc48f99dd81521f188a8bbb88053746945023490c4b1edbd0160,EXTRACTED
MESSAGING,dashboard/src/components/crm/CallScheduledBanner.jsx,588,a06327e9a50c1185ac8c3a6226134795523e81c51d55a448263218f02597a260,EXTRACTED
MESSAGING,dashboard/src/components/crm/ChatWindow.jsx,8868,c43f652fd14f56fa7b90581045a421bcac438c541c09a36172a93d239287cf35,EXTRACTED
MESSAGING,dashboard/src/components/crm/CrmBuzzerToggle.jsx,1084,a6e19faea7751bb9fcdcf5db12b3d375dafaac41d88e1f31c84ed9f2571f4a3c,EXTRACTED
MESSAGING,dashboard/src/components/crm/CrmStatsBar.jsx,1434,eeb85c44df2e7d635cbd587a75a0f670af89113174c10d1ea389e32d702ad0fb,EXTRACTED
MESSAGING,dashboard/src/components/crm/DeleteChatModal.jsx,3192,2f3a92a334dbf8abc314a4320e2bf574a4f1d766de63cde67e7b6310e3e4919a,EXTRACTED
MESSAGING,dashboard/src/components/crm/FollowUpControls.jsx,748,c4a3ffc115297dd9014b19775967406087da74a6a810cfe35768f6df02d303b7,EXTRACTED
MESSAGING,dashboard/src/components/crm/IncomingCallModal.jsx,2483,99e9f464d9d7ff3e0a2bd9f7d1ac94f3760c251d9e04b810b2550a2e36697512,EXTRACTED
MESSAGING,dashboard/src/components/crm/LeadDetailsPanel.jsx,9573,fb89d26892cbfc25bc57af88303605765a2eed71dedd9ebcbe21035f8967de46,EXTRACTED
MESSAGING,dashboard/src/components/crm/MessageStatus.jsx,1234,d8b7b3aa3484ee2e4a2304b26e4fb8d6f3223eb0fb06a254a7a8d9ae248e4f5b,EXTRACTED
MESSAGING,dashboard/src/components/crm/NotesEditor.jsx,1032,e4a07b2f12dfb94f577435be9a5237d9316ac532db3797a74aee63e6fdedc887,EXTRACTED
MESSAGING,dashboard/src/components/crm/ScheduleCallModal.jsx,3952,b235e68435ddacbd82ba30a58d6753384616b05a470aec3bcbdf7ad97cbb223f,EXTRACTED
MESSAGING,dashboard/src/components/crm/StatusDropdown.jsx,497,2690342f4774fa74100650ef9a26830d85c04114868d45dc6c7be827d6641bc7,EXTRACTED
MESSAGING,dashboard/src/components/knowledgeAssistant.css,8686,c61d433e12ca9d3a69f14ef3164d2cfc34a8ef9d8f0c519ac8050e0a1d6680f8,EXTRACTED
MESSAGING,dashboard/src/components/ui/Button.jsx,1128,03454ef18560d816501d6accdf1528eb75a2031f1a8a4ef650ce0a738a0ffbb2,EXTRACTED
MESSAGING,dashboard/src/components/ui/CommonModal.css,6589,4998bb5698da6182df81907363fe2c2bb0c2f4522f07e5d6c5bb4d43b3c1143b,EXTRACTED
MESSAGING,dashboard/src/components/ui/CommonModal.jsx,6132,911b2152ca9adcdc4791f7d5b35af69005ee11cf210f92deab9191396b8af973,EXTRACTED
MESSAGING,dashboard/src/components/ui/MetricBlock.jsx,2346,e41f23b97bf98749a6ae0879abf51ac3deaff6dfa1d54433561ca9aed425246e,EXTRACTED
MESSAGING,dashboard/src/components/ui/ModalShell.jsx,1316,4d69d9fb3dc5b23fb2d7258bbbf820b39f03a2e9abd2440d688bd5c8ecd702c4,EXTRACTED
MESSAGING,dashboard/src/components/ui/OptionPickList.jsx,1399,c7b699a8600aac3f1b3b7fd2c093206639584ea79db7edfd80a5b732b9e93b59,EXTRACTED
MESSAGING,dashboard/src/components/ui/ProgressBar.jsx,1135,d2d1df3d22924da79a67909a4498c89bede39d76acb157847d9193bb638a0a07,EXTRACTED
MESSAGING,dashboard/src/components/ui/ResponsiveOptions.jsx,1332,9f9fe1b2f43cb002fb34a4e67ac02737949d5c70678969d60f8063e1b8cc7ddb,EXTRACTED
MESSAGING,dashboard/src/components/ui/SectionContainer.jsx,777,3a1f8cea0de45f0d8ae12452355dea0a0b835a2624c5eb11ddfbee64ca29a2ec,EXTRACTED
MESSAGING,dashboard/src/components/ui/SegmentedControl.jsx,804,c1aa3f3c67a6b50435b9953b83ab409dd345c1ac0a526d8add95283f84a28a51,EXTRACTED
MESSAGING,dashboard/src/config.js,866,dd3e6ec716efa1f15e62031e156368ecbbdb0b17947253b8827ef14947f69acc,EXTRACTED
MESSAGING,dashboard/src/context/AuthContext.jsx,3806,b8bcdf163ab95025652329a854f9c4dbe1c8bbb3cc850d66fd9610b317efe307,EXTRACTED
MESSAGING,dashboard/src/context/ConfirmContext.jsx,4200,68f0b2ea10cc875f7b65a5cca645bb501389ab9da76a5d94b39f83802e0152b7,EXTRACTED
MESSAGING,dashboard/src/dashboard/dashboardStats.js,8539,4a79e8b7bd1bee558e4e4cacb6250fef5b04831f7a91481fb3b694c08ed76aed,EXTRACTED
MESSAGING,dashboard/src/desktop/DeskDonut.jsx,809,f8a5fccb8e537e7d127f88b8181fa0be1633db09e52e29ee119d5bba8f610b4e,EXTRACTED
MESSAGING,dashboard/src/desktop/DeskPerformanceChart.jsx,2452,c01fb74aff2009cbe4b3a87a1c834edf233816957da4939535a79f06c5b70f4a,EXTRACTED
MESSAGING,dashboard/src/desktop/DesktopApp.jsx,13914,7c4e11734b83f4cc43dfdd9b57f5ab19b932d460caeeecee48da45a79634bc5b,EXTRACTED
MESSAGING,dashboard/src/desktop/DesktopDashboardHome.jsx,19337,abd86ef851888d1643393465a7481ee05f6cfb45525da5fe5ce113a66e48107c,EXTRACTED
MESSAGING,dashboard/src/desktop/DesktopHeader.jsx,10184,a34d26def4f37d7ef6ad4ba3c539d76f72110076a83c86e2cf79d12756d94119,EXTRACTED
MESSAGING,dashboard/src/desktop/DesktopSidebar.jsx,7004,75d6e21032e8695c8c0d863c3e989bf6e39b267c5272361f0d9731b2c52fcc2c,EXTRACTED
MESSAGING,dashboard/src/desktop/ForwarderConsole.jsx,12100,fb002ca2030cd4f06bcad6bd6f5b13c768f4733ef3fbee613ada6fcf592be3c1,EXTRACTED
MESSAGING,dashboard/src/desktop/deskDashboardWidgets.jsx,7405,d085ff2de6e52185277155c10495673fc25e548dce1475b1a365df8c8074f53b,EXTRACTED
MESSAGING,dashboard/src/desktop/deskFeedUtils.js,3103,53181152b524eea6097fc0628dc07f21a95f746330e0cba6f10bb48c9f753376,EXTRACTED
MESSAGING,dashboard/src/desktop/desktopDashboard.css,44808,b664167ae06833624a9c16e9820e1dd25b02d893608c5caca38dfdb8995d9fa5,EXTRACTED
MESSAGING,dashboard/src/inbox/CallStatusBar.jsx,1147,5533b37e98b1e1ba0afdc086f5de376bb226cd93518d473cf940f150e65bfac7,EXTRACTED
MESSAGING,dashboard/src/inbox/ChatComposer.jsx,7509,6ebba17cd129c90f0fa646ce9015768833ed52c531072adcaea917fde20a4bee,EXTRACTED
MESSAGING,dashboard/src/inbox/ChatHeader.jsx,10276,c27d0c5836dba1c364e64e67a976df5db2c47a09b5cf4e3ee63cea67ba155004,EXTRACTED
MESSAGING,dashboard/src/inbox/ConversationListItem.jsx,4959,4dc7c2be85dee9c31df6dfb70e4a4bbbcd51708f77f4e74d6f5d0825c0445a98,EXTRACTED
MESSAGING,dashboard/src/inbox/InboxDemoTools.jsx,5346,19d46ec8ed03f76644f44f184c1911830872aaefda36d63f1f5f17f0799aaef7,EXTRACTED
MESSAGING,dashboard/src/inbox/InboxMarketingMessageModal.jsx,8009,96a771345f13608a66ec2afff6324867c7b5506a795b8e1aa74d7a80a0ba27be,EXTRACTED
MESSAGING,dashboard/src/inbox/InboxMediaAttachment.jsx,5956,90f215ec63f88182308ab57e19979af8ffd8a33063e19d0ad36245e2cf99f712,EXTRACTED
MESSAGING,dashboard/src/inbox/InboxMediaImage.jsx,2313,e577895290687442e88292ef95028a1c041071569895b504a2457136e8f41ef8,EXTRACTED
MESSAGING,dashboard/src/inbox/InboxSidebarTools.jsx,7593,71cd1d581813d112779587dcd6176dfcf5e6b92914828812dd655e1a29bb2f9e,EXTRACTED
MESSAGING,dashboard/src/inbox/MessageActionMenu.jsx,4148,235229738f509b5befe4aa9893ce409d890e53a9ddcd593933f628e08ee5bcdb,EXTRACTED
MESSAGING,dashboard/src/inbox/MessageBubble.jsx,11682,b63ee725dcc5dde1baefd62164a557f7069518961cf2a333f3da44ce3a18b115,EXTRACTED
MESSAGING,dashboard/src/inbox/MessageBubbleText.jsx,2696,d5817fdf46c45dcd9110ba4cbbaa0202de8326d138f36329ccfc3dd1e6a54e0b,EXTRACTED
MESSAGING,dashboard/src/inbox/MessageTimeline.jsx,5070,9fe1f159cb502587c6ccd4efe34637747e67c906d1d6c4b9a3e33ffc3efc60bc,EXTRACTED
MESSAGING,dashboard/src/inbox/OutgoingCallOverlay.jsx,5810,64842860edd02596cd19e7f88485dc1e0ee34816f0d81590f067ab6dab57fcbd,EXTRACTED
MESSAGING,dashboard/src/inbox/ReplyQuoteBar.jsx,1288,173e160a4e001f972be1bea4ab6837ff3f4b980ffef80d687564aebe82a53cf9,EXTRACTED
MESSAGING,dashboard/src/inbox/VirtualConversationList.jsx,2453,7e9fce092025534fb544ba077caf5283f93e6b70bab22b45a043f4dfd8f68cbb,EXTRACTED
MESSAGING,dashboard/src/inbox/VirtualList.jsx,2046,4f2c92e2c666ebcc5e6616f8d0d1acdc422c52056ddea96d1f80ea6545e1ac5f,EXTRACTED
MESSAGING,dashboard/src/inbox/inboxLayout.css,42738,5723b370774f2249b32a2589dbae0f9058540fb134be1700828143c0669a63e4,EXTRACTED
MESSAGING,dashboard/src/inbox/inboxUiUtils.js,6113,80972b0ba86dc46179eccdb716211ec47e36d12b0d0a1438d8eef21993d2527b,EXTRACTED
MESSAGING,dashboard/src/inbox/outgoingCall.css,7527,aada473541cc7788fdbca6de34d9bcd1211844e462739a94f2bfe36bceafef86,EXTRACTED
MESSAGING,dashboard/src/inbox/useTelegramVoiceCall.js,6477,06a0bfb3a38054b39450a9c2ba5d1fb089698edc5c7b2718be6f48f45da1ccbb,EXTRACTED
MESSAGING,dashboard/src/inbox/useVoiceRecorder.js,4672,0a169914d72c4aa853a39f90909e10f32663d36c27528cc6756290fc82b3dd7e,EXTRACTED
MESSAGING,dashboard/src/inbox/voiceCallEvents.js,1686,71300e984063f8ddb4c5e6fc91f926f745aacdee1fd9d2c6bfce170531d4e67f,EXTRACTED
MESSAGING,dashboard/src/index.css,429027,da82f018623c56feb3e3206b1fe265f81c2fac0c347ab0b8d2cc76384036ecd3,EXTRACTED
MESSAGING,dashboard/src/main.jsx,670,d515fcc97cf45150b104c6930cf6a6e7cdd79a25fcda52114f46a55f16c70736,EXTRACTED
MESSAGING,dashboard/src/mobile/MobHealthRing.jsx,500,958af8cc61fe1e916b8f9995902ec0643f967d488b179dae1fcaddff48a27a8d,EXTRACTED
MESSAGING,dashboard/src/mobile/MobSparkline.jsx,1196,866656181a0c98465793419ec901615eb60545a9cbfb57fc22980aa4909be5e9,EXTRACTED
MESSAGING,dashboard/src/mobile/MobileApp.jsx,20497,9b8dc886ab48a46b981260beab3b30b644f29c0ea08fc519ea24e0885b3f6308,EXTRACTED
MESSAGING,dashboard/src/mobile/MobileDashboardHome.jsx,20547,b9a4e2898f4b498400ba2e2ee9ed959a99a3d7088c8593bb6f96e88794cccb5b,EXTRACTED
MESSAGING,dashboard/src/mobile/mobileDashboard.css,22095,b854d3a1307aef3908209512c1bf2f683066f56f2590fcab9b54f489825a8367,EXTRACTED
MESSAGING,dashboard/src/mobile/mobileUtils.js,9312,fd70b8711486d38c87721426d54a5e9c79714e7428ebed3848680555c00902e7,EXTRACTED
MESSAGING,dashboard/src/ownership.js,298,a48621f8c84525ea6113947678349bb6c648aa6398db71f06ec5ea146869568e,EXTRACTED
MESSAGING,dashboard/src/ownership.test.js,442,e4e0e0cb1c67f597b21a9eee6be9b2229516e738411bd56efe7a0ce8fff8d89f,EXTRACTED
MESSAGING,dashboard/src/responsive.css,15673,42ad8b7664f68a3d82110c41bcba928e6ac593a2978069c8427e6ebe0da10080,EXTRACTED
MESSAGING,dashboard/src/style.css,0,e3b0c44298fc1c149afbf4c8996fb92427ae41e4649b934ca495991b7852b855,EXTRACTED
MESSAGING,dashboard/src/teleautomation-app.jsx,1108272,ca7e04c3e21efd46dcc6bef5d82b6778dad73a209b0de1dffc9e2c884d04d60d,EXTRACTED
MESSAGING,dashboard/src/teleautomation.css,241154,c3521c0777bc8a9f7a29715af9ba5ebb371f3a80c7d6c86a9bd6b3be582a3e92,EXTRACTED
MESSAGING,dashboard/src/testSetup.js,42,977afde26bba6a51325908cd7713cbfdc87d18f06b78b237c8f364c44864b7de,EXTRACTED
MESSAGING,dashboard/src/utils/accountPerformance.js,891,ad2e7dde64956e4c17a994b4ce2a6dc7875911f8bffa9728d39c87c592afdd58,EXTRACTED
MESSAGING,dashboard/src/utils/accountPostingMode.js,1021,60dbeab1d8bbcc64f7a78525271db1e9bcf1545c7c8d73e93b2fdad94d9c0c75,EXTRACTED
MESSAGING,dashboard/src/utils/accountUi.js,18902,d193c7243b0dba17da3a445aa1b1ec0cce96570a73a8b032f6cd045e440c8a98,EXTRACTED
MESSAGING,dashboard/src/utils/calls.js,6054,72fe102ef3a1463b7de7042f7d446fa43a5c5b8c31d270ee9d807eaee3df9448,EXTRACTED
MESSAGING,dashboard/src/utils/copyToClipboard.js,629,5baf7707f47b9ff4c812882cf727fcdf76eca7df00dd67219b263c1e89a637bb,EXTRACTED
MESSAGING,dashboard/src/utils/crm.js,5194,ab98d1398eb5285bd83619e078d0e156296aeea213df2de3b0e9646c5f1e629f,EXTRACTED
MESSAGING,dashboard/src/utils/deleteChat.js,1178,7ac55fb6f3ce8c861bd8336dbfad5e98c3f36fd8e8290d608584f98675c94904,EXTRACTED
MESSAGING,dashboard/src/utils/deskPerformanceSeries.js,4881,e62f3a820faa53dda74de884481facbeb7346c7871681217b5d2c88fde6f9f71,EXTRACTED
MESSAGING,dashboard/src/utils/exportInboxChat.js,1497,1ab14cad1114fd59948a34fb2bd06b3e4719144ae49b9b18e263a12905c69458,EXTRACTED
MESSAGING,dashboard/src/utils/fleetHealth.js,3197,98d9e4d6bdedc97cdd972694de94bc18f311ab83f347a3a8a27c44b4baae921b,EXTRACTED
MESSAGING,dashboard/src/utils/fleetReachHelp.js,1146,ea7063c2e0d0248b3075a272e1ce2c4eb2f4c9eb5f0499eaab0c29803730a050,EXTRACTED
MESSAGING,dashboard/src/utils/forwardAccountUtils.js,743,27b06039d33bf0c8498b0eff3ac4cf99c6a4877f2a590710239bd3c817fbc769,EXTRACTED
MESSAGING,dashboard/src/utils/globalStats.js,10105,c056266a8c56c996c4083236ec7fe239acc55fe9931006334bf0eeeeab0993cf,EXTRACTED
MESSAGING,dashboard/src/utils/inboxDrafts.js,727,831058a177bd1e0dd1b6e826319dc7935ed3f8e4287b6d3a5e316acf7b6888b9,EXTRACTED
MESSAGING,dashboard/src/utils/inboxMessageActions.js,1214,e780ef216979f722b91b9720b71b51b5c370db673b90203e36557f0d43f5ab1a,EXTRACTED
MESSAGING,dashboard/src/utils/inboxMessageUtils.js,5974,febc07267333fc786f6ce90518c655b65da6c157d0482d37f4290201d4dc5465,EXTRACTED
MESSAGING,dashboard/src/utils/inboxPinned.js,1047,4e73c237a829b43fcf3c3d4ad80356e5a18a87bd570a94295f4b419744a591ce,EXTRACTED
MESSAGING,dashboard/src/utils/inboxScrollCache.js,601,6aa266b3533068ad5eb3f3642d56735f329fc2beea610f6167a3a6478fe603d9,EXTRACTED
MESSAGING,dashboard/src/utils/inboxUnread.js,599,1142267ec33223b646b3b175be0ecd99afadf676863995aac269c65b44156512,EXTRACTED
MESSAGING,dashboard/src/utils/istTime.js,4111,1038a533361eac2848d6ac92dddc384a32b96aa848d801f6c41c26a48bcc5118,EXTRACTED
MESSAGING,dashboard/src/utils/karthikSpam.js,1124,3b7cfcd24d4a3f3f7e4e72c90cf9daec418ca4f3d969cecfdf7cced25553715a,EXTRACTED
MESSAGING,dashboard/src/utils/leadUx.js,3917,fbf5a6cb6e47193d25d0910a273f8eb4624c1050cdca9f0892890b29277824e9,EXTRACTED
MESSAGING,dashboard/src/utils/messagePreviewHtml.js,714,3847986051de31b20a3db58761d3a5b549b355f45469be2b0bf761c7855b6087,EXTRACTED
MESSAGING,dashboard/src/utils/notificationSound.js,13488,57baf060fea3c0cdc4e7c2ef051f63442bde9283c6fbc54392eae43a14f6d34f,EXTRACTED
MESSAGING,dashboard/src/utils/replyAlert.js,5154,8340912b626af17874932ba6af377a62e78ba74e7d1d8f7018c7b1cb5b047d9b,EXTRACTED
MESSAGING,dashboard/src/utils/replyBuzzerSound.js,5004,8c81bf5da528a05d5b6539549fa1eec6f934555e49eb9e3830bffc43e6068aea,EXTRACTED
MESSAGING,dashboard/src/utils/sabAccountsUi.js,553,3ffe31f1a6a30fd95669a37b096e57ad00945d299857fadb0eac88c48fb4168f,EXTRACTED
MESSAGING,dashboard/src/utils/soundQuietHours.js,1840,783998fc263fb93b237d9b75b0249036892128f5d0734ae7690c69d48cc27a84,EXTRACTED
MESSAGING,dashboard/src/utils/statsResetConfirm.js,1317,c4a61e7b7325db2bc52925b7fd290026b856530272dfd82eefa7942fe4d4e44d,EXTRACTED
MESSAGING,dashboard/src/utils/tabUnreadBadge.js,3688,2f69fde6a900b1db8b4a32f20badbe56bd960d40c532d7a4218de0a7e8f5b9f6,EXTRACTED
MESSAGING,dashboard/src/utils/useCompactLayout.js,655,51efc5790542a20985806bb7f913dbbfd70586ee92dae3592ebb50848d309ce8,EXTRACTED
MESSAGING,dashboard/src/utils/useMobileShell.js,653,5e0d676a67cbb05c4fe2f211256fb2c5c0430d3dac9aa9a6316e9335d2de0a75,EXTRACTED
MESSAGING,dashboard/src/utils/voiceCallApi.js,1388,03419e12c0f394fafc377666136af9dc4098c1ee006889d8657e383472b70aeb,EXTRACTED
MESSAGING,dashboard/src/utils/voiceProviders.js,9753,fb8a8759e333d08fca8a33906b263c12388561973e3c8e64a6c39f95ac8a4e9c,EXTRACTED
MESSAGING,dashboard/src/utils/webPush.js,6148,f621f1db9b44123f0909d56612b0cfc9d0a092cdbcbca8412688732019ccb213,EXTRACTED
MESSAGING,dashboard/src/utils/whatsapp.js,2277,82a67d79d932bb45afac9946952dd7337a61eefc75c504145c81a4c5335176f0,EXTRACTED
MESSAGING,dashboard/src/utils/workspaceDashboard.js,5884,aad652d3415f3ae01f4df9af3fa89e841cd3a4be671aa783205765adcfc75d51,EXTRACTED
MESSAGING,dashboard/src/utils/workspaceMode.js,738,c16bb20c4dfd867aa562a6a978a83635e4f9d7642ef3dca4ac04e6d8f61b6e6d,EXTRACTED
MESSAGING,dashboard/vite.config.js,1666,53a233b6d5ebf3f262371acba53eb0882a2f34c40b729e0a75746c12f2fa6e6a,EXTRACTED
MESSAGING,dashboard/vitest.config.js,207,c49cc7daa9cac406a2f2b2c42ea55f7f7058639830dc3c5029aa547ce0233bfe,EXTRACTED
MESSAGING,deploy/README.md,1878,6a39d693ac684fa604407be11763782e8110e95cccacea0d5743b7656846274f,EXTRACTED
MESSAGING,deploy/nginx.conf,500,5ad82eb08960e39d7f4e6b180e2bfb3bec6a01294503b36e7f1bfb69589f083e,EXTRACTED
MESSAGING,docker-compose.yml,117,057b642f80275172d808ea485cf053495283135ba86600f5869880ca1dad7663,EXTRACTED
MESSAGING,docs/migration/backup-plan.md,1130,c2961c7a22cc319b2f68fd7e7bc571c787dd54d900bcb02162362999c2f14081,EXTRACTED
MESSAGING,docs/migration/contracts/manifest.json,415,50e34245ad6af87fb289d60225aeedb7e92f2abf4894de20ffc2f762b3605b57,EXTRACTED
MESSAGING,docs/migration/contracts/source-openapi.json,276307,6b3f4314672dc15ac26595f8bfd4bd73ca5998555481bffc1d3061a2852d3451,EXTRACTED
MESSAGING,docs/migration/contracts/source-route-contracts.json,39281,c0329864c710e4403610e12ee3083198900ee88ccae97ca9c83adba1ecc72e3c,EXTRACTED
MESSAGING,docs/migration/cross-project-contracts.md,4351,ba70212d74e4351353aaf17d1dca73b54d878aa9847aef875e3479aca5a8b5e0,EXTRACTED
MESSAGING,docs/migration/data-migration-plan.md,1705,4da613b1c2fd382a564b3f0fe5344da46d270fa1e50cd34b56dbcdeff561d34b,EXTRACTED
MESSAGING,docs/migration/deployment-plan.md,1612,3852a543fe283e12a678df10969c55258410afb622a9989b596ef1e278c839d6,EXTRACTED
MESSAGING,docs/migration/final-report.md,11112,5a50bb5000a0395f2bb143d99d571b66a3c6a291672c7f24fe5336289f67e2ec,EXTRACTED
MESSAGING,docs/migration/legacy-compatibility-map.csv,20088,1a6364503e5234a7f32bdf37a8397fbc17e8fcc92b543d280120c0d5c1eb6299,EXTRACTED
MESSAGING,docs/migration/output-openapi.json,136835,3ca98dc30fb1a69fd2ad68be73ba346b5f2e44cf2c574a86585d5fe960d3d345,EXTRACTED
MESSAGING,docs/migration/rollback-plan.md,1080,6eb1fbd855f3573d9871a874e68a50077c2d23450d8c8d933fe16422548e9498,EXTRACTED
MESSAGING,docs/migration/verification-report.md,3285,0470323616a6fbc7532d3207946a675673870bdcbcc354b264b8a2c112c2655b,EXTRACTED
MESSAGING,events/__init__.py,251,22186fb1f8fcea2574559bea4659bc9d34a5d6153bfdabf6ec2a1fba95444542,EXTRACTED
MESSAGING,events/event_bus.py,2376,e49e7ff4d51b86e956d4bd1a9f3b9bf1fe702bee1d32a85236458dcb99ff285a,EXTRACTED
MESSAGING,events/event_types.py,965,142d5c8643bd0b757a6f8806c22fff0161223af742547d6f97094d2117bfcb48,EXTRACTED
MESSAGING,events/subscribers.py,3610,14f6a4d48c3c8cc5ed1eaeaf3f444a8b021f14c70fe1e1542b19e3866790b6d9,EXTRACTED
MESSAGING,features/__init__.py,77,610cc1569b65ef88b8888a530f26cde863edc3577121b0f189b5994697e65fbc,EXTRACTED
MESSAGING,features/auto_join.py,164,348226cec12f2a12dcd116b3340529a5ce5aeaa73a638bc6a919b0e26bd16693,EXTRACTED
MESSAGING,features/auto_join_group.py,1443,d3feb1a85f2d8355113a433c5f04a0f93b720fca6755c71c8e91f5b23f4bc2d4,EXTRACTED
MESSAGING,features/check_last_message.py,1070,190b01278f0d3003f94437efec29d0240d06d0332eef37c34fcbfb62e359a754,EXTRACTED
MESSAGING,features/delay.py,189,9dc393a0dc2aab662e578b95dab3287ce33c911952950dc885e1b76890d9dba4,EXTRACTED
MESSAGING,features/delay_handler.py,820,d93a7e4d7f6ab3458ed3484944101fbadee2cf3fc16baf937a8959ab2f58c7aa,EXTRACTED
MESSAGING,features/demo_tools.py,5126,183e401a48f446517a76f91df37654bca4ef2c5b877e0c0afbfb8b043d83f5ea,EXTRACTED
MESSAGING,features/group_operation.py,12834,8ab60268c560198247cc14559af3042f7fa3dafdd3b5c3c22fc4858fb68172e7,EXTRACTED
MESSAGING,features/health_check.py,1157,135d73a5844aae8a1b81912c5f07119b33f8f49f44248139df23275c9d45f589,EXTRACTED
MESSAGING,features/inbox_export.py,5350,013d5d6b0058e8a2f06527d3470af3c80b428dbc908ca749715f50593bda9e98,EXTRACTED
MESSAGING,features/interval_forward.py,24138,2696e5c377cd70d492459dc62ae62d449f1766f1ec88426b8e65c33b3d5ea5ca,EXTRACTED
MESSAGING,features/logging_feature.py,1661,dd28c7a2a3f943d9495232dfd0f503cc4ae70c2b3bd69812a12620ad5531c51f,EXTRACTED
MESSAGING,features/resend_scan.py,191,695cb16180e71766c920f29f5a5a1d5794a0bcb432552f9136038ddc53bd7f94,EXTRACTED
MESSAGING,features/retry.py,149,263a5fe89ea979acc96c55325c3e0beb01faf18b8f68235cba22470f127da735,EXTRACTED
MESSAGING,features/retry_on_failure.py,859,5be1dd25a64e6877e72ce785735f0bf22b81d2d689035355621ccbd333eb2904,EXTRACTED
MESSAGING,features/send_message.py,3853,cd7280abdc6a70cf58a77e3ded450d86d63259f4e6099530bf71c9336504e0ff,EXTRACTED
MESSAGING,features/service_inbox.py,1099,b6845cc6977dcfd2c5d91104e4c5e5c48aea048a3670bb9cf2e7b92283a5b5cf,EXTRACTED
MESSAGING,features/telegram_joined_stats.py,9423,cd64e690488dba8443916c4b553b4cc9311cf001153bac462acfe915fce49840,EXTRACTED
MESSAGING,features/web_push.py,9879,b1f9b476c83d3bfce21e88bf72d0be70081599b40eda3d921e01d672b509fa46,EXTRACTED
MESSAGING,main.py,112685,6cad40138d3beb42ad2034b672aed939778ba93c852b45fac4b4732dcf4ddcc0,EXTRACTED
MESSAGING,messaging/__init__.py,329,fb6bb58e5816e5a153669ad35dde9589af2392b31976716adaed3508b9647301,EXTRACTED
MESSAGING,messaging/account_queue.py,11059,c2c94211f82ba03043f397dfe537be53c6a36072a944b20bb438616ba944df55,EXTRACTED
MESSAGING,messaging/fair_scheduler.py,3974,e126774fdf9e0d3a609310b2d76d8602025bb8c8a8928280c01f07a67e8b3976,EXTRACTED
MESSAGING,messaging/message_router.py,9221,240064b9abf10da109a91055903b953b07a9cb9c82c73441d7cec703598fc4a1,EXTRACTED
MESSAGING,messaging/queue_backend.py,4030,3a13d32e8fe14d53e1c6cc6e65fef73eaff62f2558789a962ae792df610bdfeb,EXTRACTED
MESSAGING,messaging/queue_config.py,2059,7e91fe0f583e6fe61656e37deb135490eb02a8daa5c3fe289eaaa38f4b955dc8,EXTRACTED
MESSAGING,messaging/retry_manager.py,9594,9532c4b4f887012596ce516118d4bb66b3a2e89d52551a0855a84eef1d17b197,EXTRACTED
MESSAGING,messaging/task_types.py,2179,b72236e509547fd7afe261962301f4944cca4184970bb368839552c2efff3c20,EXTRACTED
MESSAGING,requirements.txt,379,4a025c3dd2d97d32f878c965b2a1c9f39002321a41c9cada275be7fff76ac472,EXTRACTED
MESSAGING,services/__init__.py,66,b0f50cbddecef188a4326a01fc41ccf1c891598e8accc6094b3b4a6e0cc14479,EXTRACTED
MESSAGING,services/account_manager.py,20796,3c4ea8dab37446d268f6e5e7be2e7ea2071a3a00b1209fcd64500133fdb5f1c6,EXTRACTED
MESSAGING,services/account_registry.py,358,911ebbd26d43586842079cf45c3d1dfb1e09cbd35e297ebf28754f151501b021,EXTRACTED
MESSAGING,services/account_runtime.py,5701,cec4a71a9b6713fdb255068c8908844ad62f0e4a2ec76a91cd81f29a5dcf11ab,EXTRACTED
MESSAGING,services/block_service.py,3963,ec9db17fd1d3d9d3652888053ec2abc92de406ef520f67e66c0f29846d9c5d98,EXTRACTED
MESSAGING,services/call_service.py,10263,52aca6879d2316ba52238d2c2c7017a2b7912c6309e0e1553f69ccfb6c0fea7c,EXTRACTED
MESSAGING,services/crm_service.py,14021,f3e6d548b8668c285be785c1fa932cc61cc725d72e58c69e5eb804770acb243e,EXTRACTED
MESSAGING,services/dm_inbox_service.py,51167,bfb92a583199b481b9c2a4518037026f7017e1efb22b6ce36ff9396719e843ac,EXTRACTED
MESSAGING,services/fleet_setup_service.py,6011,231a3854835830f0de2c82097e0f073d3b36ea8908912476f9ce7aa2b445e2cb,EXTRACTED
MESSAGING,services/forward_message_service.py,30168,9fc76c78aae494c133e4f79a56ec4cfc8786e7447fbc60909774766563d39636,EXTRACTED
MESSAGING,services/opportunity_event_producer.py,8286,1ee178ffa59b67383f1694297f1b7e1f5ef2b4adb9229feb04de6f024e6ccbc8,EXTRACTED
MESSAGING,services/phone_call_service.py,3111,f443d2b4c827401fad18ad3f0437a22a34e2d3affdcc45f4c99c31649e02de9a,EXTRACTED
MESSAGING,services/spam_guard_service.py,5397,16c48d4594cbbc1d78c813b5969805027f50e977cecd2d6754a68e0f9558dd43,EXTRACTED
MESSAGING,services/telegram_call_service.py,21013,4c6fd7fcd626421b659b34f82f1a205f1b394ff3de059b296a28637e988e5acf,EXTRACTED
MESSAGING,services/tgcalls_service.py,18417,3611b62322aa468dd633ec86a52a8dc911fc957f7cc5b41fe62aa5af1bf3e08d,EXTRACTED
MESSAGING,services/voice_call_service.py,16401,ff3c9c78864e4ae5e9b394905c07d2a8fc4d8e1c704a285c58f4bc5793deeb82,EXTRACTED
MESSAGING,services/whatsapp_bsp.py,9720,c249002314f042b8951ac9c1064a44b1436cc08f74f79b66de1257190c038744,EXTRACTED
MESSAGING,services/whatsapp_dispatch.py,1205,3e1c4a0422b3fe78125c7a30c384c8977d404ad160bac08041f331fac5c4df26,EXTRACTED
MESSAGING,services/whatsapp_gupshup.py,2501,6e774e924bd7790e78ab3d382bb246de2e04335df80f8a69de322f37f61a0f0f,EXTRACTED
MESSAGING,services/whatsapp_inbox_service.py,9167,10b84b29f3c952c295bb530ea26a1a2f4a1686d772ac07ccc5c3072e53ef453a,EXTRACTED
MESSAGING,services/whatsapp_interakt.py,4218,f8d507558db2ad863df5a3b0325f2397a8c25032ce05fd655d5617360a2130e4,EXTRACTED
MESSAGING,services/whatsapp_media_service.py,5253,c91fdc624ebd17a896266bd834298999dddf6fc7eb60357960709fc39b749977,EXTRACTED
MESSAGING,services/whatsapp_send_service.py,8387,57f1e8435dd5811b64bf1f34d41efe56907df749f4d439d982c334706ff1e6e8,EXTRACTED
MESSAGING,tests/test_separation.py,935,60093a1fcbb264977093bd876151c62c9a8712ba56fe985aa1bd24bcc3487224,EXTRACTED
MESSAGING,tests/test_thread_intent.py,649,b108055571f7198f6c9c5bb6fdb0f55e1a18563c52dad27d864dbd4df0a17b87,EXTRACTED
MESSAGING,workers/__init__.py,40,eaac4f0c7f5db52351a74270f7da31af05427b1f49841dfa57193605aaf0a17b,EXTRACTED
MESSAGING,workers/account_state.py,8223,24dfc13af09d8318c055ebf725c8065f030cf075e66ce3ae00ca7734c2b1ed7e,EXTRACTED
MESSAGING,workers/account_worker.py,106122,ffa98451a9e4d56f5a7aa2f6b67c44d31146e7ac18157c86c659f4cb6279a42e,EXTRACTED
MESSAGING,workers/feature_runtime.py,1703,6ebd8efeeb12df6d1369fe1694360ac7364cb29adf4a1e26329ac63dcd0a1ba5,EXTRACTED
